time,open,high,low,close,Swing High,Swing Low,Trail
2026-06-16T08:00:00-04:00,66443.91,66772.65,65328.4,65835.49,67245.59,63664.08,
2026-06-16T12:00:00-04:00,65835.72,66194.09,65523.19,65639.14,67245.59,63664.08,
2026-06-16T16:00:00-04:00,65638.29,65898.99,65554.26,65638.07,67245.59,63664.08,
2026-06-16T20:00:00-04:00,65638.07,66064.98,65435.75,65783.34,67245.59,63664.08,
2026-06-17T00:00:00-04:00,65783.53,65977.23,65187.29,65472.8,67245.59,63664.08,
2026-06-17T04:00:00-04:00,65472.8,65505.21,64500.43,64744.17,67245.59,63664.08,
2026-06-17T08:00:00-04:00,64744.17,65782.09,64528.84,65684.69,67245.59,63664.08,
2026-06-17T12:00:00-04:00,65684.7,66364.3,64022.32,64241.51,67245.59,63664.08,
2026-06-17T16:00:00-04:00,64240.94,64461.16,63863.99,64442.85,67245.59,63664.08,
2026-06-17T20:00:00-04:00,64442.85,64753.86,64215.87,64230.99,67245.59,63664.08,
2026-06-18T00:00:00-04:00,64230.99,64458.82,63654.09,64456.53,67245.59,63664.08,
2026-06-18T04:00:00-04:00,64456.86,64586.18,63833.11,63922.06,67245.59,63664.08,
2026-06-18T08:00:00-04:00,63922.06,64392.89,62253.6,62318.43,66364.3,63664.08,
2026-06-18T12:00:00-04:00,62317.81,62953.47,62225.89,62891.66,66364.3,63664.08,
2026-06-18T16:00:00-04:00,62892.23,63208.1,62694.9,62906.6,66364.3,63664.08,
2026-06-18T20:00:00-04:00,62906.59,63051.48,62329.3,62713.81,66364.3,63664.08,
2026-06-19T00:00:00-04:00,62713.81,62857.96,62355.59,62568.41,66364.3,63664.08,
2026-06-19T04:00:00-04:00,62568.41,62720.67,62258.75,62568.73,66364.3,63664.08,
2026-06-19T08:00:00-04:00,62568.99,63351.64,62294.87,63154.86,66364.3,62225.89,
2026-06-19T12:00:00-04:00,63154.86,63328.33,62812.74,62962.11,66364.3,62225.89,
2026-06-19T16:00:00-04:00,62962.36,63590.91,62901.49,63483.42,66364.3,62225.89,
2026-06-19T20:00:00-04:00,63483.42,63715.36,63263.91,63419.48,66364.3,62225.89,
2026-06-20T00:00:00-04:00,63418.98,63814.54,63344.2,63591.46,66364.3,62225.89,
2026-06-20T04:00:00-04:00,63591.46,63738.43,63335.26,63628.74,66364.3,62225.89,
2026-06-20T08:00:00-04:00,63628.63,64312.04,63143.06,64087.26,66364.3,62225.89,
2026-06-20T12:00:00-04:00,64087.92,64102.59,63696.19,63879.37,66364.3,62225.89,
2026-06-20T16:00:00-04:00,63879.25,64289.87,63796.53,64240.41,66364.3,62225.89,
2026-06-20T20:00:00-04:00,64240.36,64398.93,64141.86,64356,66364.3,62225.89,
2026-06-21T00:00:00-04:00,64356,64507.3,64101.17,64123.22,66364.3,62225.89,
2026-06-21T04:00:00-04:00,64122.89,64407.5,63829.9,64097.11,66364.3,62225.89,
2026-06-21T08:00:00-04:00,64097.84,64270.36,63886.5,64151.25,66364.3,62225.89,
2026-06-21T12:00:00-04:00,64151.41,64222.18,63886.29,64134.41,66364.3,62225.89,
2026-06-21T16:00:00-04:00,64134.41,64196.29,63217.43,63234.78,66364.3,62225.89,
2026-06-21T20:00:00-04:00,63235.31,64706.39,63235.31,63903.76,66364.3,62225.89,
2026-06-22T00:00:00-04:00,63904.09,64307.31,63806.55,64143.14,66364.3,62225.89,
2026-06-22T04:00:00-04:00,64143.14,64697.79,63975.37,64585.32,66364.3,62225.89,
2026-06-22T08:00:00-04:00,64585.32,65548.03,64514.11,64765.22,66364.3,62225.89,
2026-06-22T12:00:00-04:00,64764.88,64787.08,64210.05,64428.73,66364.3,63217.43,
2026-06-22T16:00:00-04:00,64428.39,64591.41,63742.03,63952.73,66364.3,63217.43,
2026-06-22T20:00:00-04:00,63952.73,64195.67,63757.02,63989.33,66364.3,63217.43,
2026-06-23T00:00:00-04:00,63989.33,64017.74,62504.53,62807.34,66364.3,63217.43,
2026-06-23T04:00:00-04:00,62807.34,62867.22,61878.8,62434.52,65548.03,63217.43,
2026-06-23T08:00:00-04:00,62434.52,62774.17,61890.81,62408.19,65548.03,63217.43,
2026-06-23T12:00:00-04:00,62408.19,62750.61,62029.57,62337.36,65548.03,63217.43,
2026-06-23T16:00:00-04:00,62336.84,62714.24,62314.45,62656.48,65548.03,63217.43,
2026-06-23T20:00:00-04:00,62656.47,63037.67,62387.48,62655.24,65548.03,63217.43,
2026-06-24T00:00:00-04:00,62654.97,62995.46,62452.44,62576.07,65548.03,61878.8,
2026-06-24T04:00:00-04:00,62576.07,63115.28,62244.8,62842.72,65548.03,61878.8,
2026-06-24T08:00:00-04:00,62843.33,62895.08,60186.92,60204.26,65548.03,61878.8,
2026-06-24T12:00:00-04:00,60206.29,60585.4,59041.3,59896.42,65548.03,61878.8,
2026-06-24T16:00:00-04:00,59896.52,61173.93,59791.69,61003.3,65548.03,61878.8,
2026-06-24T20:00:00-04:00,61003.35,61060.75,60604.71,60787.03,65548.03,61878.8,
2026-06-25T00:00:00-04:00,60787.4,61863.23,60695.37,61812.88,63115.28,61878.8,
2026-06-25T04:00:00-04:00,61812.88,61821.97,60970.03,61185.4,63115.28,61878.8,
2026-06-25T08:00:00-04:00,61185.4,61607.43,58049.75,59464.13,63115.28,61878.8,
2026-06-25T12:00:00-04:00,59464.49,59951.67,59050.11,59217.84,63115.28,61878.8,
2026-06-25T16:00:00-04:00,59217.84,60136.45,59217.84,59696.88,63115.28,61878.8,
2026-06-25T20:00:00-04:00,59696.88,60016.38,58257.53,59943.43,63115.28,61878.8,
2026-06-26T00:00:00-04:00,59943.37,60650.98,59619.06,60444.53,63115.28,61878.8,
2026-06-26T04:00:00-04:00,60444.01,60479.07,59156.17,59322.95,63115.28,58049.75,
2026-06-26T08:00:00-04:00,59322.95,60403.24,58463.3,60237.15,63115.28,58049.75,
2026-06-26T12:00:00-04:00,60236.62,60463.83,59482.88,59689.93,63115.28,58049.75,
2026-06-26T16:00:00-04:00,59690.59,60024.2,59499.41,60007.62,63115.28,58049.75,
2026-06-26T20:00:00-04:00,60007.62,60321.48,59796.49,60221.68,63115.28,58049.75,
2026-06-27T00:00:00-04:00,60221.68,60489.85,60032.53,60462.94,63115.28,58049.75,
2026-06-27T04:00:00-04:00,60462.94,60463.62,60117.05,60280.09,63115.28,58049.75,
2026-06-27T08:00:00-04:00,60280.06,60852.73,60174.57,60753.42,63115.28,58049.75,
2026-06-27T12:00:00-04:00,60753.42,60761.87,60006.26,60092.28,63115.28,58049.75,
2026-06-27T16:00:00-04:00,60092.28,60392.7,59783.97,59944.27,63115.28,58049.75,
2026-06-27T20:00:00-04:00,59944.65,60245.96,59898.43,60109.95,63115.28,58049.75,
2026-06-28T00:00:00-04:00,60109.95,60170.32,59687,60127.16,63115.28,58049.75,
2026-06-28T04:00:00-04:00,60127.62,60438.66,59981.57,60250.15,60852.73,58049.75,
2026-06-28T08:00:00-04:00,60250.11,60332.96,59736.13,59799.99,60852.73,58049.75,
2026-06-28T12:00:00-04:00,59800.06,59854.84,59188.87,59393.6,60852.73,58049.75,
2026-06-28T16:00:00-04:00,59393.75,59801.98,58844,59486.64,60852.73,58049.75,
2026-06-28T20:00:00-04:00,59486.97,60110,58829.99,59956.91,60852.73,58049.75,
2026-06-29T00:00:00-04:00,59957.25,60245.91,59304.97,59936.96,60852.73,58049.75,
2026-06-29T04:00:00-04:00,59937.15,60220.47,59653.41,59869.44,60852.73,58049.75,
2026-06-29T08:00:00-04:00,59869.54,60676.44,58929.52,59733.39,60852.73,58049.75,
2026-06-29T12:00:00-04:00,59733.68,60573.17,59494.28,60343.76,60852.73,58049.75,
2026-06-29T16:00:00-04:00,60343.76,60494.86,60120.49,60168.39,60852.73,58829.99,
2026-06-29T20:00:00-04:00,60168.06,60181.62,59510.92,59537.62,60852.73,58829.99,
2026-06-30T00:00:00-04:00,59538.62,59620.92,59272.42,59436.26,60852.73,58829.99,
2026-06-30T04:00:00-04:00,59436.25,59463.35,59036.26,59102.38,60676.44,58829.99,
2026-06-30T08:00:00-04:00,59102.39,59173.89,58115.44,58288.86,60676.44,58829.99,
2026-06-30T12:00:00-04:00,58289.31,58746.23,58174.55,58731.41,60676.44,58829.99,
2026-06-30T16:00:00-04:00,58730.6,58784.89,58422.48,58539.55,60676.44,58829.99,
2026-06-30T20:00:00-04:00,58539.62,59217.54,57736.97,59107.77,60676.44,58829.99,
2026-07-01T00:00:00-04:00,59107.77,59360.65,58450.87,58679.5,60676.44,58829.99,
2026-07-01T04:00:00-04:00,58679.5,58995.49,58418.33,58534.15,60676.44,58829.99,
2026-07-01T08:00:00-04:00,58534.15,60432.77,58242.07,60056.83,60676.44,58829.99,
2026-07-01T12:00:00-04:00,60056.83,60258.69,59700.13,59933.58,60676.44,58829.99,
2026-07-01T16:00:00-04:00,59933.82,61206.01,59785.99,59931.29,60676.44,57736.97,
2026-07-01T20:00:00-04:00,59931.84,61054.52,59526.63,60995.03,60676.44,57736.97,
2026-07-02T00:00:00-04:00,60995.71,60995.98,60042.28,60080.02,60676.44,57736.97,
2026-07-02T04:00:00-04:00,60080.02,61354.98,60069.15,61302.72,60676.44,57736.97,
2026-07-02T08:00:00-04:00,61302.16,62129.6,61100.48,61545.54,60676.44,57736.97,
2026-07-02T12:00:00-04:00,61546.4,61864.08,61088.47,61409.19,60676.44,57736.97,
2026-07-02T16:00:00-04:00,61409.36,61583.6,61276.92,61495.29,60676.44,57736.97,
2026-07-02T20:00:00-04:00,61495.3,61651.06,61172.24,61357.67,60676.44,57736.97,
2026-07-03T00:00:00-04:00,61357.67,61786.96,61267.49,61676.91,60676.44,57736.97,
2026-07-03T04:00:00-04:00,61676.91,62016.81,61441.91,61946.6,62129.6,57736.97,
2026-07-03T08:00:00-04:00,61946.59,62306.4,61634.7,61848.24,62129.6,57736.97,
2026-07-03T12:00:00-04:00,61848.24,62236.51,61839.06,62134.9,62129.6,57736.97,
2026-07-03T16:00:00-04:00,62135.67,62854.79,62109.6,62511.3,62129.6,57736.97,
2026-07-03T20:00:00-04:00,62511.25,62877.77,62350.49,62569.52,62129.6,57736.97,
2026-07-04T00:00:00-04:00,62568.74,62684.83,62273.71,62514.4,62129.6,57736.97,
2026-07-04T04:00:00-04:00,62514.48,62596.63,62354.64,62422.9,62129.6,57736.97,
2026-07-04T08:00:00-04:00,62422.77,62966.15,62422.59,62878.36,62129.6,57736.97,
2026-07-04T12:00:00-04:00,62878.01,63393.4,62725.05,63233.93,62129.6,57736.97,
2026-07-04T16:00:00-04:00,63233.55,63387.98,62873.25,63081.35,62129.6,57736.97,
2026-07-04T20:00:00-04:00,63081.36,63087.46,62550.14,62712.26,62129.6,57736.97,
2026-07-05T00:00:00-04:00,62712.26,63000.77,62602.49,62964.42,62129.6,57736.97,
2026-07-05T04:00:00-04:00,62964.33,63044.31,62403.83,62593.23,62129.6,57736.97,
2026-07-05T08:00:00-04:00,62593.53,62884.67,62513.63,62684.07,63393.4,57736.97,
2026-07-05T12:00:00-04:00,62684.07,62823.51,62544.81,62717.56,63393.4,57736.97,
2026-07-05T16:00:00-04:00,62717.56,63938.9,62553.92,63591.62,63393.4,57736.97,
2026-07-05T20:00:00-04:00,63591.49,63852.93,63082.45,63234.95,63393.4,57736.97,
2026-07-06T00:00:00-04:00,63234.91,63329.53,62831.36,63031.68,63393.4,62403.83,
2026-07-06T04:00:00-04:00,63031.68,63181.63,62448.68,62448.68,63393.4,62403.83,
2026-07-06T08:00:00-04:00,62448.16,63482.72,61273.68,63470.84,63393.4,62403.83,63330.3063
2026-07-06T12:00:00-04:00,63470.84,63892.5,63335.72,63665.13,63938.9,62403.83,
2026-07-06T16:00:00-04:00,63664.26,64596.07,63530.75,63979.78,63938.9,62403.83,
2026-07-06T20:00:00-04:00,63979.47,64254.73,63100.3,63136.62,63938.9,62403.83,
2026-07-07T00:00:00-04:00,63136.62,63389.48,62751.36,63030.09,63938.9,62403.83,
2026-07-07T04:00:00-04:00,63030.09,63405.69,62953.05,63349.41,63938.9,61273.68,
2026-07-07T08:00:00-04:00,63349.47,64043.92,62624.14,63877.45,63938.9,61273.68,
2026-07-07T12:00:00-04:00,63877.45,64182.81,63338.24,63754.15,64596.07,61273.68,
2026-07-07T16:00:00-04:00,63753.04,63847.45,63169.43,63309.05,64596.07,61273.68,
2026-07-07T20:00:00-04:00,63309.2,63703.35,62503.74,62722.9,64596.07,61273.68,
2026-07-08T00:00:00-04:00,62722.06,62859.52,62437.78,62845.46,64596.07,61273.68,
2026-07-08T04:00:00-04:00,62845.6,62891.25,61703.7,62258.73,64596.07,61273.68,
2026-07-08T08:00:00-04:00,62258.73,62377.4,61508.56,61665.29,64596.07,61273.68,
2026-07-08T12:00:00-04:00,61665.13,62348.95,61650.94,62236.67,64596.07,61273.68,
2026-07-08T16:00:00-04:00,62236.67,62303.84,61924.57,62247.94,64596.07,61273.68,
2026-07-08T20:00:00-04:00,62247.94,62564.53,61635.02,61906.16,64596.07,61273.68,
2026-07-09T00:00:00-04:00,61906.15,63161.67,61897.23,62931.29,64596.07,61273.68,
2026-07-09T04:00:00-04:00,62931.29,63024.8,62546.61,62716.55,64596.07,61508.56,
2026-07-09T08:00:00-04:00,62716.55,63173.98,62400.18,62799,64596.07,61508.56,
2026-07-09T12:00:00-04:00,62799.07,63421.44,62494.19,63170.26,64596.07,61508.56,
2026-07-09T16:00:00-04:00,63170.44,63343.7,62991.14,63160.77,64596.07,61508.56,
2026-07-09T20:00:00-04:00,63160.35,63985.27,62890.76,63888.42,64596.07,61508.56,
2026-07-10T00:00:00-04:00,63888.31,64141.58,63751.94,63916.96,64596.07,61508.56,
2026-07-10T04:00:00-04:00,63917.26,64436.83,63917.16,64369.8,64596.07,61508.56,
2026-07-10T08:00:00-04:00,64369.8,64635.23,63766.15,63962.47,64596.07,61508.56,
2026-07-10T12:00:00-04:00,63958.32,64161.33,63688.66,63868.82,64596.07,61508.56,
2026-07-10T16:00:00-04:00,63869.04,64155.44,63607.46,64108.51,64596.07,61508.56,
2026-07-10T20:00:00-04:00,64108.29,64263.81,63944.12,64110.9,64596.07,61508.56,
2026-07-11T00:00:00-04:00,64110.9,64234.15,64039.1,64118.63,64596.07,61508.56,
2026-07-11T04:00:00-04:00,64118.63,64259.43,64096.84,64159.11,64635.23,61508.56,
2026-07-11T08:00:00-04:00,64159.1,64458.27,63942.99,64133.5,64635.23,61508.56,
2026-07-11T12:00:00-04:00,64133.5,64359.91,64047.58,64245.59,64635.23,61508.56,
2026-07-11T16:00:00-04:00,64245.59,64416.92,63778.2,63778.22,64635.23,61508.56,
2026-07-11T20:00:00-04:00,63778.49,64181.5,63675,64181.38,64635.23,61508.56,
2026-07-12T00:00:00-04:00,64180.25,64206.66,63606.74,63846.95,64635.23,61508.56,
2026-07-12T04:00:00-04:00,63846.95,64057.76,63726.89,63979.82,64458.27,61508.56,
2026-07-12T08:00:00-04:00,63979.75,64223.6,63923.97,64137.11,64458.27,61508.56,
2026-07-12T12:00:00-04:00,64137.11,64222.52,63981.68,64191.54,64458.27,61508.56,
2026-07-12T16:00:00-04:00,64191.77,64216.07,63631.85,63742.58,64458.27,61508.56,
2026-07-12T20:00:00-04:00,63742.58,64358.96,62701.26,62767.48,64458.27,61508.56,
2026-07-13T00:00:00-04:00,62767.48,63023.02,62469.65,62948.03,64458.27,61508.56,
2026-07-13T04:00:00-04:00,62948.03,63241.72,62822.79,62859.99,64458.27,61508.56,
2026-07-13T08:00:00-04:00,62860.14,62935.48,62074.48,62574.39,64458.27,61508.56,
2026-07-13T12:00:00-04:00,62574.38,62586.13,61786.64,62249.45,64458.27,61508.56,
2026-07-13T16:00:00-04:00,62249.45,62307.93,61846.17,62293.8,64358.96,61508.56,
2026-07-13T20:00:00-04:00,62293.55,62577.5,62195.82,62493.56,64358.96,61508.56,
2026-07-14T00:00:00-04:00,62493.56,62793.04,62437.75,62476.84,64358.96,61508.56,
2026-07-14T04:00:00-04:00,62476.77,62837.6,62430.69,62766.27,64358.96,61508.56,
2026-07-14T08:00:00-04:00,62766.28,64855.05,62705.35,64660.75,64358.96,61786.64,
2026-07-14T12:00:00-04:00,64660.75,64810.96,64247.12,64484.52,64358.96,61786.64,
2026-07-14T16:00:00-04:00,64484.94,65010.76,64336.83,64954.76,64358.96,61786.64,
2026-07-14T20:00:00-04:00,64952.72,65011.49,64439.59,64743.1,64358.96,61786.64,
2026-07-15T00:00:00-04:00,64743.12,65210.76,64437.66,64501.21,64358.96,61786.64,
2026-07-15T04:00:00-04:00,64501.21,64867.97,64501.21,64685.3,64358.96,61786.64,
2026-07-15T08:00:00-04:00,64685.29,65517,64562.36,65376.77,64358.96,61786.64,
2026-07-15T12:00:00-04:00,65376.78,65413.91,64703.56,64917.76,64358.96,61786.64,
2026-07-15T16:00:00-04:00,64917.8,65006.95,64661.39,64707.58,64358.96,61786.64,
2026-07-15T20:00:00-04:00,64707.58,64801.67,64358.01,64576.58,64358.96,61786.64,
2026-07-16T00:00:00-04:00,64576.58,64951.62,64049.35,64196.65,64358.96,61786.64,
2026-07-16T04:00:00-04:00,64197.04,64316.46,63849.06,64213.77,65517,61786.64,
2026-07-16T08:00:00-04:00,64213.65,64845.78,63816.86,64662.78,65517,61786.64,
2026-07-16T12:00:00-04:00,64663,64671.3,63954.4,64229.55,65517,61786.64,
2026-07-16T16:00:00-04:00,64229.55,64234.77,63707.93,63790.84,65517,61786.64,
2026-07-16T20:00:00-04:00,63790.73,64006.06,63333.14,63515.65,65517,61786.64,
2026-07-17T00:00:00-04:00,63515.65,63520.97,62663.89,62773.31,65517,61786.64,
2026-07-17T04:00:00-04:00,62773.31,63304.57,62617.74,63242.21,65517,61786.64,
2026-07-17T08:00:00-04:00,63242.09,63453.69,62488.84,63397.26,65517,61786.64,
2026-07-17T12:00:00-04:00,63397.26,64326.99,63260.58,64100.57,65517,61786.64,
2026-07-17T16:00:00-04:00,64100.37,64159.75,63830.5,63877.38,65517,61786.64,
2026-07-17T20:00:00-04:00,63877.38,63979.23,63837.8,63967.58,65517,61786.64,
2026-07-18T00:00:00-04:00,63967.58,63975.32,63877.09,63959.43,65517,61786.64,
2026-07-18T04:00:00-04:00,63960.44,64037.06,63891.92,64017.04,65517,62488.84,
2026-07-18T08:00:00-04:00,64017.04,64211.34,63915.97,64072.45,64326.99,62488.84,
2026-07-18T12:00:00-04:00,64072.45,64585.05,64041.32,64510.98,64326.99,62488.84,
2026-07-18T16:00:00-04:00,64511.11,64810.39,64473.41,64784.06,64326.99,62488.84,
2026-07-18T20:00:00-04:00,64784.31,64903.93,64580.04,64662.56,64326.99,62488.84,
2026-07-19T00:00:00-04:00,64662.42,64768.86,64570.48,64661.99,64326.99,62488.84,
2026-07-19T04:00:00-04:00,64662.24,64696.84,64401.64,64423.03,64326.99,62488.84,
2026-07-19T08:00:00-04:00,64423.03,64594.44,64240.56,64535.28,64326.99,62488.84,
2026-07-19T12:00:00-04:00,64534.55,64703.49,64265.18,64415.84,64326.99,62488.84,
2026-07-19T16:00:00-04:00,64415.84,64851.23,64306.09,64679.91,64903.93,62488.84,
2026-07-19T20:00:00-04:00,64679.82,65043.64,64365.83,64816.56,64903.93,62488.84,
2026-07-20T00:00:00-04:00,64816.56,64817.55,63714.65,64223.83,64903.93,62488.84,
2026-07-20T04:00:00-04:00,64223.77,65012.59,63830.77,64949.54,64903.93,62488.84,64839.32577
2026-07-20T08:00:00-04:00,64949.66,65572.02,64030.54,65545.17,64903.93,62488.84,
2026-07-20T12:00:00-04:00,65545.28,65742.17,64990.54,65089.02,64903.93,62488.84,
2026-07-20T16:00:00-04:00,65088.91,65389.9,65009.21,65203.15,64903.93,62488.84,
2026-07-20T20:00:00-04:00,65202.61,65596.67,65091.85,65513.35,64903.93,63714.65,
2026-07-21T00:00:00-04:00,65513.17,66183.88,65422.1,66131.08,64903.93,63714.65,
2026-07-21T04:00:00-04:00,66130.71,66360.17,66071.67,66284.55,64903.93,63714.65,
2026-07-21T08:00:00-04:00,66284,66890.94,66206.75,66625.86,64903.93,63714.65,
2026-07-21T12:00:00-04:00,66626.8,66701.67,66052.21,66388.67,64903.93,63714.65,
2026-07-21T16:00:00-04:00,66389.75,66514.12,66154.73,66497.29,64903.93,63714.65,
2026-07-21T20:00:00-04:00,66497.28,66682.89,66126.68,66157.54,64903.93,63714.65,
2026-07-22T00:00:00-04:00,66157.84,66371.27,65651.5,65791.37,64903.93,63714.65,
2026-07-22T04:00:00-04:00,65791.06,66107.58,65791.06,65961.66,66890.94,63714.65,
2026-07-22T08:00:00-04:00,65961.66,66133.8,65509.69,65989.61,66890.94,63714.65,
2026-07-22T12:00:00-04:00,65989.18,66331.25,65643.69,65879.08,66890.94,63714.65,
2026-07-22T16:00:00-04:00,65877.67,66083.98,65741.72,66060.89,66890.94,63714.65,
2026-07-22T20:00:00-04:00,66061.2,66275.14,65552.05,65628.37,66890.94,63714.65,
2026-07-23T00:00:00-04:00,65628.37,65784.94,65319.27,65407.43,66890.94,63714.65,
2026-07-23T04:00:00-04:00,65407.43,65754.59,65385.13,65521.35,66890.94,63714.65,
2026-07-23T08:00:00-04:00,65521.35,65549.51,64692.97,64923.08,66890.94,63714.65,
2026-07-23T12:00:00-04:00,64923.41,64925.83,64637.11,64825.82,66890.94,63714.65,
2026-07-23T16:00:00-04:00,64825.46,65188.74,64804.32,65063.31,66890.94,63714.65,
2026-07-23T20:00:00-04:00,65063.31,65408.77,64713.88,65406.5,66890.94,63714.65,
2026-07-24T00:00:00-04:00,65406.5,65752.31,65200.31,65450.86,66890.94,63714.65,
2026-07-24T04:00:00-04:00,65450.86,65459.3,64808.73,65033.77,66890.94,63714.65,
2026-07-24T08:00:00-04:00,65034.16,65080.64,63694.58,64047.55,66890.94,63714.65,
2026-07-24T12:00:00-04:00,64047.55,64240.89,63833.91,64177.88,66890.94,63714.65,
2026-07-24T16:00:00-04:00,64177.88,64234.28,64075.2,64093.87,66890.94,63714.65,
2026-07-24T20:00:00-04:00,64093.87,64121.66,63951.14,64028.68,66890.94,63714.65,
2026-07-25T00:00:00-04:00,64028.69,64147.54,63907.22,63952.69,66890.94,63714.65,
2026-07-25T04:00:00-04:00,63953.04,64055.67,63752.34,64006.23,66890.94,63694.58,
2026-07-25T08:00:00-04:00,64006.42,64217.39,63984.43,64126.02,66890.94,63694.58,
2026-07-25T12:00:00-04:00,64126.02,64389.3,64068.42,64333.97,66890.94,63694.58,
2026-07-25T16:00:00-04:00,64333.96,64371.18,64205.91,64316.63,66890.94,63694.58,
2026-07-25T20:00:00-04:00,64316.98,64521,64292.2,64491.41,66890.94,63694.58,
2026-07-26T00:00:00-04:00,64490.08,64535.47,64235.5,64310.56,66890.94,63694.58,
2026-07-26T04:00:00-04:00,64310.52,64513.31,64294.33,64450.06,66890.94,63694.58,
2026-07-26T08:00:00-04:00,64450.07,64764.84,64355.76,64710.24,66890.94,63694.58,
2026-07-26T12:00:00-04:00,64710.24,64872.8,64611.99,64638.83,66890.94,63694.58,
2026-07-26T16:00:00-04:00,64638.84,65504.65,64578.46,65338.49,66890.94,63694.58,
2026-07-26T20:00:00-04:00,65338.91,65360.59,64845.59,65217.65,66890.94,63694.58,
2026-07-27T00:00:00-04:00,65217.75,65655.9,65154.6,65158.42,66890.94,63694.58,
2026-07-27T04:00:00-04:00,65158.77,65361.49,65032.06,65036.07,66890.94,63694.58,
2026-07-27T08:00:00-04:00,65036.07,65641.83,64364.7,64488.28,66890.94,63694.58,
2026-07-27T12:00:00-04:00,64488.28,65022.48,64456.5,64913.04,66890.94,63694.58,
2026-07-27T16:00:00-04:00,64913.05,64988.32,63546.87,63692.82,66890.94,63694.58,
2026-07-27T20:00:00-04:00,63692.93,63763.02,63012.64,63282.32,65655.9,63694.58,
2026-07-28T00:00:00-04:00,63281.81,63588.8,63161.94,63444.32,65655.9,63694.58,
2026-07-28T04:00:00-04:00,63444.32,63530.16,63235.35,63398.44,65655.9,63694.58,
2026-07-28T08:00:00-04:00,63399.07,63952.18,62721.74,63864.66,65655.9,63694.58,
2026-07-28T12:00:00-04:00,63864.22,64036.88,63442.91,63830.05,65655.9,63694.58,
2026-07-28T16:00:00-04:00,63830.86,63999.76,63497.58,63863.36,65655.9,63694.58,
2026-07-28T20:00:00-04:00,63863.36,64100.31,63575.06,63666.12,65655.9,63694.58,
2026-07-29T00:00:00-04:00,63665.59,64488.25,63516.19,64477.38,65655.9,63694.58,
2026-07-29T04:00:00-04:00,64477.49,64638.12,64200.29,64424.5,65655.9,62721.74,
2026-07-29T08:00:00-04:00,64424.5,64614.34,63807.02,63883.77,65655.9,62721.74,
2026-07-29T12:00:00-04:00,63883.78,64547.98,63455.13,63519.49,65655.9,62721.74,
2026-07-29T16:00:00-04:00,63518.99,64042.49,63201.85,63899.62,65655.9,62721.74,
2026-07-29T20:00:00-04:00,63899.17,64322.47,63521.5,64079.5,65655.9,62721.74,
2026-07-30T00:00:00-04:00,64079.21,64096.93,63827.34,63932.09,64638.12,62721.74,
2026-07-30T04:00:00-04:00,63930.91,64786.59,63900.15,64703.25,64638.12,62721.74,64573.781579999995
2026-07-30T08:00:00-04:00,64703.18,65069.16,64526.36,64645.88,64638.12,62721.74,
2026-07-30T12:00:00-04:00,64645.88,64900.54,64604.38,64713.44,64638.12,63201.85,
2026-07-30T16:00:00-04:00,64714.3,65001.38,64586.5,64696.33,64638.12,63201.85,
2026-07-30T20:00:00-04:00,64696.33,65331.74,64123.99,64317.03,64638.12,63201.85,
2026-07-31T00:00:00-04:00,64317.32,64438.77,63833.42,63895.86,64638.12,63201.85,
2026-07-31T04:00:00-04:00,63895.86,63954.48,63558.1,63752.72,64638.12,63201.85,
2026-07-31T08:00:00-04:00,63752.72,63777.94,62440.12,62666.85,64638.12,63201.85,
2026-07-31T12:00:00-04:00,62666.78,63244.72,62656.96,62914.31,64638.12,63201.85,
2026-07-31T16:00:00-04:00,62914.31,63004.9,62794.92,62834.07,65331.74,63201.85,
2026-07-31T20:00:00-04:00,62834.06,63043.32,62830.04,62941.21,65331.74,63201.85,
2026-08-01T00:00:00-04:00,62941.27,63078.42,62933.82,62990.26,65331.74,63201.85,
2026-08-01T04:00:00-04:00,62991.15,63090.16,62925.85,63014.7,65331.74,62440.12,
2026-08-01T08:00:00-04:00,63014.65,63065.58,62947.2,62947.38,65331.74,62440.12,
2026-08-01T12:00:00-04:00,62947.27,62964.98,62220.07,62468.34,65331.74,62440.12,
2026-08-01T16:00:00-04:00,62467.96,62802.8,62425.26,62761.21,65331.74,62440.12,
2026-08-01T20:00:00-04:00,62761.21,63483.24,62745.56,63397.6,65331.74,62440.12,
2026-08-02T00:00:00-04:00,63397.6,63568.05,63354.79,63438.46,65331.74,62440.12,
2026-08-02T04:00:00-04:00,63438.2,63467.27,62933.19,62969.37,65331.74,62440.12,
2026-08-02T08:00:00-04:00,62969.37,63167.03,62950.24,63047.29,65331.74,62220.07,
2026-08-02T12:00:00-04:00,63047.29,63541.18,63004.75,63392.9,65331.74,62220.07,
2026-08-02T16:00:00-04:00,63392.9,63729.2,63279.34,63505.95,65331.74,62220.07,
2026-08-02T20:00:00-04:00,63506.24,63519.23,62742.36,62802.85,65331.74,62220.07,
2026-08-03T00:00:00-04:00,62803.36,62932.32,62496.77,62551.05,65331.74,62220.07,
2026-08-03T04:00:00-04:00,62551.05,62795.93,62232.98,62491.07,65331.74,62220.07,
2026-08-03T08:00:00-04:00,62491.07,63912.22,62383.95,63621.63,65331.74,62220.07,
2026-08-03T12:00:00-04:00,63622.43,64008.62,63595.42,63798.9,65331.74,62220.07,
2026-08-03T16:00:00-04:00,63800.5,63950.04,63329.14,63455.44,65331.74,62220.07,
2026-08-03T20:00:00-04:00,63455.69,63898.71,63272.06,63738.98,65331.74,62220.07,
2026-08-04T00:00:00-04:00,63739.3,64164.95,63447.47,63625.8,65331.74,62232.98,
2026-08-04T04:00:00-04:00,63625.8,63887.88,63393.64,63863.7,65331.74,62232.98,
2026-08-04T08:00:00-04:00,63863.71,64165.94,63556.56,64064.24,65331.74,62232.98,
2026-08-04T12:00:00-04:00,64064.7,64347.95,63835.52,64166.09,65331.74,62232.98,
2026-08-04T16:00:00-04:00,64166.09,64461.77,63950.64,64043.76,65331.74,62232.98,
2026-08-04T20:00:00-04:00,64043.76,64442.87,63895.08,64128.03,65331.74,62232.98,
2026-08-05T00:00:00-04:00,64128.03,64465.07,63950.15,64108.01,65331.74,62232.98,
2026-08-05T04:00:00-04:00,64108.38,64222.72,63963.44,64019.26,65331.74,62232.98,
2026-08-05T08:00:00-04:00,64019.26,64673.46,63826.97,64331.01,65331.74,62232.98,
2026-08-05T12:00:00-04:00,64331.22,64875.49,64331.03,64784.78,65331.74,62232.98,
2026-08-05T16:00:00-04:00,64785.13,64949.41,64531.63,64605.63,65331.74,62232.98,
2026-08-05T20:00:00-04:00,64605.03,64644.44,64389.34,64465.15,65331.74,62232.98,
2026-08-06T00:00:00-04:00,64465.19,64926.95,64432.29,64748.3,65331.74,62232.98,
2026-08-06T04:00:00-04:00,64748.01,64931.69,64440.91,64556.46,65331.74,63826.97,
2026-08-06T08:00:00-04:00,64556.23,64918.07,64107.84,64564.42,65331.74,63826.97,
2026-08-06T12:00:00-04:00,64564.42,64767.9,64299.8,64385.95,64949.41,63826.97,
2026-08-06T16:00:00-04:00,64384.97,64468.31,64134.28,64257.67,64949.41,63826.97,
2026-08-06T20:00:00-04:00,64257.29,64479.03,64172.03,64227.79,64949.41,63826.97,
2026-08-07T00:00:00-04:00,64227.79,64402.84,64110.12,64257.16,64949.41,63826.97,
2026-08-07T04:00:00-04:00,64257.05,65144.23,64242.25,64963.03,64949.41,64107.84,64884.76029
2026-08-07T08:00:00-04:00,64963.03,65321.75,64725.19,64847.65,64949.41,64107.84,
2026-08-07T12:00:00-04:00,64847.78,65007.28,64464.88,64897.4,64949.41,64107.84,
2026-08-07T16:00:00-04:00,64897.64,65019.78,64783.9,64858.76,64949.41,64107.84,
2026-08-07T20:00:00-04:00,64858.76,65031.27,64783.65,64991.59,64949.41,64107.84,
2026-08-08T00:00:00-04:00,64991.56,65027.43,64907.8,64919.4,64949.41,64107.84,
2026-08-08T04:00:00-04:00,64919.04,65010.36,64908.76,64926.17,65321.75,64107.84,
2026-08-08T08:00:00-04:00,64926.03,65146.89,64881.85,65039.11,65321.75,64107.84,
2026-08-08T12:00:00-04:00,65039.11,65109.57,64975.97,65033.64,65321.75,64107.84,
2026-08-08T16:00:00-04:00,65033.63,65051.49,64896.28,64917.66,65321.75,64107.84,
2026-08-08T20:00:00-04:00,64917.66,64950.67,64677.51,64736.53,65321.75,64107.84,
2026-08-09T00:00:00-04:00,64736.53,64814.42,64723.97,64775.73,65321.75,64107.84,
2026-08-09T04:00:00-04:00,64775.73,64949.48,64738.45,64897.42,65146.89,64107.84,
2026-08-09T08:00:00-04:00,64897.5,65246.49,64865.67,65178.84,65146.89,64107.84,
2026-08-09T12:00:00-04:00,65178.84,65211.91,65126.4,65129.02,65146.89,64107.84,
2026-08-09T16:00:00-04:00,65129.04,65393.08,64789.84,64849.29,65146.89,64677.51,
2026-08-09T20:00:00-04:00,64849.29,65324.71,64780.78,64934.95,65146.89,64677.51,
2026-08-10T00:00:00-04:00,64935.06,65320.59,64877.96,65157.04,65146.89,64677.51,
2026-08-10T04:00:00-04:00,65157.04,65281.42,64913.86,65079.41,65146.89,64677.51,
2026-08-10T08:00:00-04:00,65079.41,65183.45,64162.56,64251.73,65146.89,64677.51,
2026-08-10T12:00:00-04:00,64251.73,64308.06,63767.75,63998.62,65393.08,64677.51,
2026-08-10T16:00:00-04:00,63998.71,64150.14,63875.68,63926.31,65393.08,64677.51,
2026-08-10T20:00:00-04:00,63926.34,64113.17,63839.74,64084.89,65393.08,64677.51,
2026-08-11T00:00:00-04:00,64084.89,64095.74,63795.19,64003.16,65393.08,64677.51,
2026-08-11T04:00:00-04:00,64002.78,64339.13,63982.42,64325.96,65393.08,64677.51,
2026-08-11T08:00:00-04:00,64326.12,64430.27,63389.51,63549.87,65393.08,64677.51,
2026-08-11T12:00:00-04:00,63549.55,63593.26,63177.86,63476.01,65393.08,64677.51,
2026-08-11T16:00:00-04:00,63476.06,63705.18,63475.07,63536.65,65393.08,64677.51,
2026-08-11T20:00:00-04:00,63537.69,63846.22,63483.73,63773.74,65393.08,64677.51,
2026-08-12T00:00:00-04:00,63773.42,63832.29,63547.28,63775.31,65393.08,64677.51,
2026-08-12T04:00:00-04:00,63775.31,64188,63709.13,64178.55,64430.27,64677.51,
2026-08-12T08:00:00-04:00,64178.31,64390.53,63267.5,63383.05,64430.27,63177.86,
2026-08-12T12:00:00-04:00,63383.07,63519,63253.99,63363.44,64430.27,63177.86,
2026-08-12T16:00:00-04:00,63363.43,63593.85,63312.62,63422.58,64430.27,63177.86,
2026-08-12T20:00:00-04:00,63422.93,63639.09,63318.07,63584,64430.27,63177.86,
2026-08-13T00:00:00-04:00,63584,63938.53,63528.33,63801.1,64430.27,63177.86,
2026-08-13T04:00:00-04:00,63801.1,63849.27,63289.02,63420.26,64390.53,63177.86,
2026-08-13T08:00:00-04:00,63420.2,63933.84,63359.55,63359.55,64390.53,63253.99,
2026-08-13T12:00:00-04:00,63360.36,63505.56,62791.11,63341.79,64390.53,63253.99,
2026-08-13T16:00:00-04:00,63342.09,63576.52,63306.24,63422.33,64390.53,63253.99,
2026-08-13T20:00:00-04:00,63422.81,63553.34,63240.74,63246.46,64390.53,63253.99,
2026-08-14T00:00:00-04:00,63246.46,63407.42,62857.01,62857.25,64390.53,63253.99,
2026-08-14T04:00:00-04:00,62857.23,62929,62634.72,62802.2,64390.53,63253.99,
2026-08-14T08:00:00-04:00,62802.23,63018.12,62488.01,62927.06,64390.53,63253.99,
2026-08-14T12:00:00-04:00,62927.08,63178.29,62765.16,62899.77,64390.53,63253.99,
2026-08-14T16:00:00-04:00,62900.32,62999.8,62734.95,62978.53,64390.53,63253.99,
2026-08-14T20:00:00-04:00,62978.53,63120.14,62926.3,62984.15,64390.53,63253.99,
2026-08-15T00:00:00-04:00,62984.04,63089.22,62963.32,63009.4,64390.53,63253.99,
2026-08-15T04:00:00-04:00,63009.4,63018.91,62851.97,62952.21,64390.53,62488.01,
2026-08-15T08:00:00-04:00,62952.23,63053.68,62879.39,63031.22,64390.53,62488.01,
2026-08-15T12:00:00-04:00,63031.22,63058.25,62977.13,63058.05,64390.53,62488.01,
2026-08-15T16:00:00-04:00,63058.08,63106.31,63006.57,63019.49,64390.53,62488.01,
2026-08-15T20:00:00-04:00,63019.52,63085.54,62941.96,63059.12,64390.53,62488.01,
2026-08-16T00:00:00-04:00,63059.11,63087.66,62968,62992,64390.53,62488.01,
2026-08-16T04:00:00-04:00,62992.01,63008.27,62897.62,62943.73,64390.53,62488.01,
2026-08-16T08:00:00-04:00,62943.73,63076.43,62923.3,63075,64390.53,62488.01,
2026-08-16T12:00:00-04:00,63075,63309.1,63031.41,63040.49,64390.53,62488.01,
2026-08-16T16:00:00-04:00,63040.49,63071.94,62647.71,62831.78,64390.53,62488.01,
2026-08-16T20:00:00-04:00,62831.78,63449.33,62685.45,63359.84,64390.53,62488.01,
2026-08-17T00:00:00-04:00,63359.84,63643.49,63359.84,63449.26,64390.53,62488.01,
2026-08-17T04:00:00-04:00,63449.26,63708.79,63222.09,63560.33,64390.53,62488.01,
2026-08-17T08:00:00-04:00,63560.7,64156.99,63373.38,64127.03,64390.53,62488.01,
2026-08-17T12:00:00-04:00,64126.89,64535.53,63908.9,64239.57,64390.53,62647.71,
2026-08-17T16:00:00-04:00,64239.86,64503.49,64194.94,64463.79,64390.53,62647.71,
2026-08-17T20:00:00-04:00,64463.8,64503.76,63987.91,64125.79,64390.53,62647.71,
2026-08-18T00:00:00-04:00,64125.95,64390.64,64031.21,64139.92,64390.53,62647.71,
2026-08-18T04:00:00-04:00,64139.92,64343.42,64030.56,64292.72,64390.53,62647.71,
2026-08-18T08:00:00-04:00,64292.72,64978.1,63995.39,64796.53,64390.53,62647.71,
2026-08-18T12:00:00-04:00,64796.53,64832.13,64586.49,64590.75,64390.53,62647.71,
2026-08-18T16:00:00-04:00,64590.62,64721.89,64505.72,64668.76,64390.53,62647.71,
2026-08-18T20:00:00-04:00,64668.7,64688.22,64229.22,64279.26,64390.53,62647.71,
2026-08-19T00:00:00-04:00,64279.26,64360,63681.85,64246.88,64390.53,62647.71,
2026-08-19T04:00:00-04:00,64246.88,64481.33,64201.44,64464.26,64978.1,62647.71,
2026-08-19T08:00:00-04:00,64464.26,69310.99,64423.82,68509.2,64978.1,62647.71,
2026-08-19T12:00:00-04:00,68508.64,68861.45,67774.61,68365.83,64978.1,62647.71,
2026-08-19T16:00:00-04:00,68365.83,69958.4,68336.26,69282.94,64978.1,62647.71,
2026-08-19T20:00:00-04:00,69283.07,69844.2,68866.22,69152.36,64978.1,63681.85,
2026-08-20T00:00:00-04:00,69152.36,69950.73,69121.54,69773.13,64978.1,63681.85,
2026-08-20T04:00:00-04:00,69773.13,72410.82,69741.35,71879.5,64978.1,63681.85,
2026-08-20T08:00:00-04:00,71879.48,72745.18,71142.08,72427.41,64978.1,63681.85,
2026-08-20T12:00:00-04:00,72427.4,72912.18,72168.38,72595.69,64978.1,63681.85,
2026-08-20T16:00:00-04:00,72597.76,73339.31,72458.32,72980.86,64978.1,63681.85,
2026-08-20T20:00:00-04:00,72981.94,75709.21,72978.9,74493.9,64978.1,63681.85,
2026-08-21T00:00:00-04:00,74492.8,76842.01,74492.71,76290.65,64978.1,63681.85,
2026-08-21T04:00:00-04:00,76290.62,79447.84,76251.35,76712.37,64978.1,63681.85,
2026-08-21T08:00:00-04:00,76711.15,77836,76244.01,77192.81,64978.1,63681.85,
2026-08-21T12:00:00-04:00,77192.24,77691.27,76630.16,77005.79,64978.1,63681.85,
2026-08-21T16:00:00-04:00,77005.32,78735.77,76857.07,78319.27,64978.1,63681.85,
2026-08-21T20:00:00-04:00,78319.27,78798.37,77686.51,78400.96,64978.1,63681.85,
2026-08-22T00:00:00-04:00,78400.96,78795.21,76539.63,77277.37,79447.84,63681.85,
2026-08-22T04:00:00-04:00,77276.36,77429.2,76528.15,77117.33,79447.84,63681.85,
2026-08-22T08:00:00-04:00,77117.19,77354.66,76883.97,76968.31,79447.84,63681.85,
2026-08-22T12:00:00-04:00,76968.31,77530.64,76948.23,77407.56,79447.84,63681.85,
2026-08-22T16:00:00-04:00,77407.56,77442.71,76766.92,77063.04,79447.84,63681.85,
2026-08-22T20:00:00-04:00,77062.86,77380.54,76817.7,76908.93,79447.84,63681.85,
2026-08-23T00:00:00-04:00,76909.11,77013.95,75599.14,75973.05,79447.84,63681.85,
2026-08-23T04:00:00-04:00,75973.19,77362.78,75932.53,77285.81,79447.84,63681.85,
2026-08-23T08:00:00-04:00,77285.3,77713.7,76793.05,77135.53,79447.84,63681.85,
2026-08-23T12:00:00-04:00,77135.65,77445.4,77092.89,77321.87,79447.84,63681.85,
2026-08-23T16:00:00-04:00,77321.87,78011.97,77177.83,77703.94,79447.84,63681.85,
2026-08-23T20:00:00-04:00,77704.25,77732.55,76872.92,76927.31,79447.84,75599.14,
2026-08-24T00:00:00-04:00,76927.31,77774.73,76668.96,77283.02,79447.84,75599.14,
2026-08-24T04:00:00-04:00,77283.56,78582.8,76829.88,78430.1,79447.84,75599.14,
2026-08-24T08:00:00-04:00,78429.69,79976.16,77896.54,79064.02,79447.84,75599.14,
2026-08-24T12:00:00-04:00,79063.8,79835.45,78473.98,78743.4,79447.84,75599.14,
2026-08-24T16:00:00-04:00,78743.47,79035.51,78550.93,78980.18,79447.84,75599.14,
2026-08-24T20:00:00-04:00,78980.23,81233.35,78698.7,80463.87,79447.84,75599.14,
2026-08-25T00:00:00-04:00,80464.54,80888.29,79366.97,79689.04,79447.84,75599.14,
2026-08-25T04:00:00-04:00,79689.68,80217.01,78882.41,79096.47,79447.84,75599.14,
2026-08-25T08:00:00-04:00,79096.47,79505.84,78117.34,79482.74,79447.84,75599.14,
2026-08-25T12:00:00-04:00,79482.45,79541.42,78713.76,78902.68,79447.84,75599.14,
2026-08-25T16:00:00-04:00,78902.99,78977.87,77852.66,78510.82,81233.35,75599.14,
2026-08-25T20:00:00-04:00,78510.19,79233.52,78308.24,79081.5,81233.35,75599.14,
2026-08-26T00:00:00-04:00,79081.27,79196.4,78633,78917.91,81233.35,75599.14,
2026-08-26T04:00:00-04:00,78917.92,79108.52,78242.11,78478.5,81233.35,75599.14,
2026-08-26T08:00:00-04:00,78478.5,78697.92,77639.47,78004.11,81233.35,75599.14,
2026-08-26T12:00:00-04:00,78004.21,78635,77856.99,78454.29,81233.35,75599.14,
2026-08-26T16:00:00-04:00,78454.29,79155.73,78193.61,79018.09,81233.35,75599.14,
2026-08-26T20:00:00-04:00,79017.7,79021.04,78580.99,78828.32,81233.35,75599.14,
2026-08-27T00:00:00-04:00,78828.22,79096.73,78598.4,79082.96,81233.35,75599.14,
2026-08-27T04:00:00-04:00,79082.62,80507.17,79048.12,79478.85,81233.35,77639.47,
2026-08-27T08:00:00-04:00,79478.85,80775.81,78927.97,80305.45,81233.35,77639.47,
2026-08-27T12:00:00-04:00,80305.45,80816.52,79755.92,79925.06,81233.35,77639.47,
2026-08-27T16:00:00-04:00,79923.88,80431.93,79882.73,80251.16,81233.35,77639.47,
2026-08-27T20:00:00-04:00,80251.16,81397.94,79774.73,79824.82,81233.35,77639.47,
2026-08-28T00:00:00-04:00,79824.62,80007.66,79573.16,79671.46,81233.35,77639.47,
2026-08-28T04:00:00-04:00,79671.4,79849.06,79031.44,79611.57,81233.35,77639.47,
2026-08-28T08:00:00-04:00,79611.57,79797.56,78335.03,78342.73,81233.35,77639.47,
2026-08-28T12:00:00-04:00,78342.33,78406.16,76908.52,77572.98,81233.35,77639.47,
2026-08-28T16:00:00-04:00,77572.99,77854.25,77279.81,77854.25,81397.94,77639.47,
2026-08-28T20:00:00-04:00,77854.23,77950.31,77505.26,77507.76,81397.94,77639.47,
2026-08-29T00:00:00-04:00,77507.75,77714.46,77381.63,77626.53,81397.94,77639.47,
2026-08-29T04:00:00-04:00,77627.86,77754.34,77485.16,77586.28,81397.94,77639.47,
2026-08-29T08:00:00-04:00,77586.37,78146.62,77511.55,77862.27,81397.94,76908.52,
2026-08-29T12:00:00-04:00,77862.27,78329.92,77860.06,78183.42,81397.94,76908.52,
2026-08-29T16:00:00-04:00,78183.5,78293.29,78060.05,78232.91,81397.94,76908.52,
2026-08-29T20:00:00-04:00,78232.93,78326.48,77997.03,78146.07,81397.94,76908.52,
2026-08-30T00:00:00-04:00,78146.16,78305.44,78001.64,78116.34,81397.94,76908.52,
2026-08-30T04:00:00-04:00,78117.05,78243.35,77969.78,78168.41,81397.94,76908.52,
2026-08-30T08:00:00-04:00,78168.42,78969.58,78168.42,78824.21,81397.94,76908.52,
2026-08-30T12:00:00-04:00,78823.74,79390.15,78728.29,78860.71,81397.94,76908.52,
2026-08-30T16:00:00-04:00,78860.71,78931.81,77061.57,77695.4,81397.94,76908.52,
2026-08-30T20:00:00-04:00,77694.87,78172.26,77387.28,77753.36,81397.94,76908.52,
2026-08-31T00:00:00-04:00,77753.36,78302.5,77458.59,78192.67,81397.94,76908.52,
2026-08-31T04:00:00-04:00,78192.68,78788.37,77978.7,78310.92,81397.94,76908.52,
2026-08-31T08:00:00-04:00,78311.21,78755.45,77729.83,78575.35,79390.15,76908.52,
2026-08-31T12:00:00-04:00,78575.35,79245.84,78491.48,78885.78,79390.15,77061.57,
2026-08-31T16:00:00-04:00,78885.91,79154.42,78401.03,78578.3,79390.15,77061.57,
2026-08-31T20:00:00-04:00,78577.84,78870.26,78164.21,78652.67,79390.15,77061.57,
2026-09-01T00:00:00-04:00,78652.67,79189.83,78474.49,78603.61,79390.15,77061.57,
2026-09-01T04:00:00-04:00,78603.61,78627.2,77736.32,78066.45,79390.15,77061.57,
2026-09-01T08:00:00-04:00,78066.46,78392.6,77488.86,77892.35,79245.84,77061.57,
2026-09-01T12:00:00-04:00,77892.35,77943.67,76394.86,77278.12,79245.84,77061.57,
2026-09-01T16:00:00-04:00,77278.38,77582.75,76892.64,77406.86,79245.84,77061.57,
2026-09-01T20:00:00-04:00,77406.87,77742.87,76687.96,77519.64,79245.84,77061.57,
2026-09-02T00:00:00-04:00,77519.77,77719.42,77253.36,77434.72,79245.84,77061.57,
2026-09-02T04:00:00-04:00,77434.63,77505.82,76232.63,76787.53,79245.84,77061.57,
2026-09-02T08:00:00-04:00,76787.52,77440.52,76571.48,77246.48,79245.84,77061.57,
2026-09-02T12:00:00-04:00,77245.89,77532.72,76917.88,77301.83,79245.84,77061.57,
2026-09-02T16:00:00-04:00,77300.98,77477.68,76969.62,77302,79245.84,77061.57,
2026-09-02T20:00:00-04:00,77301.82,77865.28,76937.33,77674.15,79245.84,77061.57,
2026-09-03T00:00:00-04:00,77674.45,78137.33,77076.04,77624.09,79245.84,76232.63,
2026-09-03T04:00:00-04:00,77624.98,78031.6,77450.06,77918.59,79245.84,76232.63,
2026-09-03T08:00:00-04:00,77919.3,81337.02,77859.5,81317.18,79245.84,76232.63,
2026-09-03T12:00:00-04:00,81317.18,81753.01,80589.94,81708.14,79245.84,76232.63,
2026-09-03T16:00:00-04:00,81710.16,82224.57,80876.16,81234.99,79245.84,76232.63,
2026-09-03T20:00:00-04:00,81235.01,81427.57,80669.35,80846.68,79245.84,76232.63,
2026-09-04T00:00:00-04:00,80847.11,81280.22,80587.58,80651.93,79245.84,76232.63,
2026-09-04T04:00:00-04:00,80652.01,81402.14,80525.01,81221.46,79245.84,76232.63,
2026-09-04T08:00:00-04:00,81221.13,81343.98,78658.93,79424.85,79245.84,76232.63,
2026-09-04T12:00:00-04:00,79424.85,79869.65,79378.79,79791.79,82224.57,76232.63,
2026-09-04T16:00:00-04:00,79792.58,79861.29,79518.99,79660.41,82224.57,76232.63,
2026-09-04T20:00:00-04:00,79660.41,79734.77,79491.48,79599.31,82224.57,76232.63,
2026-09-05T00:00:00-04:00,79599.31,79781.62,79467.66,79730.06,82224.57,76232.63,
2026-09-05T04:00:00-04:00,79730.06,79752.02,79585.59,79627.04,82224.57,78658.93,
2026-09-05T08:00:00-04:00,79627.05,79830.68,79569.1,79819.76,82224.57,78658.93,
2026-09-05T12:00:00-04:00,79819.76,80214.91,79728.05,79769.3,82224.57,78658.93,
2026-09-05T16:00:00-04:00,79769.46,79959.89,79710.19,79846.71,82224.57,78658.93,
2026-09-05T20:00:00-04:00,79846.71,80111.65,79833.28,80034.8,82224.57,78658.93,
2026-09-06T00:00:00-04:00,80034.82,80104.07,79611.8,79820.39,82224.57,78658.93,
2026-09-06T04:00:00-04:00,79819.75,80024.42,79760.53,79922.15,82224.57,78658.93,
2026-09-06T08:00:00-04:00,79922.27,80011.02,79302.75,79720.58,80214.91,78658.93,
2026-09-06T12:00:00-04:00,79720.44,79970.79,79590.4,79832.59,80214.91,78658.93,
2026-09-06T16:00:00-04:00,79832.89,80535.93,79651.85,80347,80214.91,78658.93,
2026-09-06T20:00:00-04:00,80347,80434.43,79577.28,79594.73,80214.91,78658.93,
2026-09-07T00:00:00-04:00,79594.72,79918.64,79010.09,79393.13,80214.91,78658.93,
2026-09-07T04:00:00-04:00,79393.13,79542.51,79279.01,79415.92,80214.91,78658.93,
2026-09-07T08:00:00-04:00,79415.92,79639.68,78691.1,78808.25,80214.91,78658.93,
2026-09-07T12:00:00-04:00,78809.17,79404.98,78804.2,79362.44,80535.93,78658.93,
2026-09-07T16:00:00-04:00,79362.94,79389.19,78796.72,79107.4,80535.93,78658.93,
2026-09-07T20:00:00-04:00,79106.7,79467.81,78724.49,78896.56,80535.93,78658.93,
2026-09-08T00:00:00-04:00,78896.56,78915.84,78181.36,78467.32,80535.93,78658.93,
2026-09-08T04:00:00-04:00,78467.28,78971.15,78276.25,78417.18,80535.93,78658.93,
2026-09-08T08:00:00-04:00,78417.17,78896.87,77644.21,78891.1,80535.93,78658.93,
2026-09-08T12:00:00-04:00,78891.08,78953.27,78273.18,78432.5,80535.93,78658.93,
2026-09-08T16:00:00-04:00,78432.36,78637.63,78394.02,78445.93,80535.93,78658.93,
2026-09-08T20:00:00-04:00,78445.92,78918.83,78444.95,78630.61,80535.93,78658.93,
2026-09-09T00:00:00-04:00,78630.61,79377.17,78630.46,79268.53,80535.93,78658.93,
2026-09-09T04:00:00-04:00,79268.53,79748.37,78742.82,79337.06,80535.93,77644.21,
2026-09-09T08:00:00-04:00,79336.04,79668.59,78062.78,78592.19,80535.93,77644.21,
2026-09-09T12:00:00-04:00,78592.19,78923.04,78148.48,78226.09,80535.93,77644.21,
2026-09-09T16:00:00-04:00,78226.09,78334.24,77771.37,78303.54,80535.93,77644.21,
2026-09-09T20:00:00-04:00,78302.68,78507.86,77931.34,78304.1,80535.93,77644.21,
2026-09-10T00:00:00-04:00,78304.1,78532.51,77898.2,78090.54,79748.37,77644.21,
2026-09-10T04:00:00-04:00,78090.53,78200.27,77696.87,77826.18,79748.37,77644.21,
2026-09-10T08:00:00-04:00,77826.14,77911.41,76683.68,77227.53,79748.37,77644.21,
2026-09-10T12:00:00-04:00,77227.47,77515.87,76785.63,77139.56,79748.37,77644.21,
2026-09-10T16:00:00-04:00,77139.55,77326.63,76484.64,76546.43,79748.37,77644.21,
2026-09-10T20:00:00-04:00,76546.29,76982.84,76536.76,76863.63,79748.37,77644.21,
2026-09-11T00:00:00-04:00,76863.65,77399.07,76860.15,77201.72,79748.37,77644.21,
2026-09-11T04:00:00-04:00,77201.72,77468.47,76733.75,77015.51,79748.37,77644.21,
2026-09-11T08:00:00-04:00,77015.13,79790.7,76125.57,77702.42,79748.37,77644.21,
2026-09-11T12:00:00-04:00,77702.42,78030.31,76869.07,77260.75,79748.37,77644.21,
2026-09-11T16:00:00-04:00,77261.27,77457,76947.29,77194.42,79748.37,77644.21,
2026-09-11T20:00:00-04:00,77194.42,77360.96,77194.26,77252,79748.37,77644.21,
2026-09-12T00:00:00-04:00,77251.98,77342.01,77153.05,77256,79748.37,77644.21,
2026-09-12T04:00:00-04:00,77255.96,77382.85,77255,77340.16,79790.7,76125.57,
2026-09-12T08:00:00-04:00,77340.15,77484.82,77242.75,77365.26,79790.7,76125.57,
2026-09-12T12:00:00-04:00,77365.26,77400.69,77048.28,77103.95,79790.7,76125.57,
2026-09-12T16:00:00-04:00,77103.55,77281.46,77102.6,77271.22,79790.7,76125.57,
2026-09-12T20:00:00-04:00,77269.87,77324.51,77155.97,77179.12,79790.7,76125.57,
2026-09-13T00:00:00-04:00,77179.12,77309.68,77048.2,77113.09,79790.7,76125.57,
2026-09-13T04:00:00-04:00,77113.09,77166.37,76517.78,76771.2,79790.7,76125.57,
2026-09-13T08:00:00-04:00,76771.64,77236.9,76548.68,77118.3,79790.7,76125.57,
2026-09-13T12:00:00-04:00,77118.3,77399.34,77118.17,77267.23,79790.7,76125.57,
2026-09-13T16:00:00-04:00,77267.23,77431.6,76620.23,76825.25,79790.7,76125.57,
2026-09-13T20:00:00-04:00,76825.78,77830.01,76365.47,77561.72,79790.7,76125.57,
2026-09-14T00:00:00-04:00,77561.83,77857.79,77348.53,77856.44,79790.7,76125.57,
2026-09-14T04:00:00-04:00,77856.44,78335.79,77565.65,77743.27,79790.7,76125.57,
2026-09-14T08:00:00-04:00,77743.24,78662.68,77449.76,78545.39,79790.7,76125.57,
2026-09-14T12:00:00-04:00,78545.39,79291.67,78396.06,78955.57,79790.7,76125.57,
2026-09-14T16:00:00-04:00,78955.57,79554.79,78102.17,78174.91,79790.7,76365.47,
2026-09-14T20:00:00-04:00,78173.35,78242.23,77645.52,77649.67,79790.7,76365.47,
2026-09-15T00:00:00-04:00,77650.53,77731.39,76875.16,76921.17,79790.7,76365.47,
2026-09-15T04:00:00-04:00,76920.44,77203.95,76693.31,76924.23,79790.7,76365.47,
2026-09-15T08:00:00-04:00,76924.22,77120.11,75595.54,76502.3,79790.7,76365.47,
2026-09-15T12:00:00-04:00,76502.18,77306.03,74977.57,76167.47,79554.79,76365.47,
2026-09-15T16:00:00-04:00,76167.73,76227.56,75139.12,75628.66,79554.79,76365.47,
2026-09-15T20:00:00-04:00,75628.65,76039.22,75410.73,75767.48,79554.79,76365.47,
2026-09-16T00:00:00-04:00,75767.48,76038.67,75628.15,75715.29,79554.79,76365.47,
2026-09-16T04:00:00-04:00,75715.29,76244.27,75307.73,76194.56,79554.79,76365.47,
2026-09-16T08:00:00-04:00,76194.56,76243.48,75381.22,75735.38,79554.79,74977.57,
2026-09-16T12:00:00-04:00,75735.29,76481.91,75026.09,76032.72,79554.79,74977.57,
2026-09-16T16:00:00-04:00,76032.72,76357.88,75582.87,76149.48,79554.79,74977.57,
2026-09-16T20:00:00-04:00,76149.48,76707.95,76009.2,76380.33,79554.79,74977.57,
2026-09-17T00:00:00-04:00,76380.34,76614.79,76124.67,76395.06,79554.79,74977.57,
2026-09-17T04:00:00-04:00,76395.06,76706.55,76117.41,76419.76,79554.79,74977.57,
2026-09-17T08:00:00-04:00,76419.76,77089.94,75959.06,76705.39,79554.79,75026.09,
2026-09-17T12:00:00-04:00,76703.55,76900.25,76411.78,76534.85,79554.79,75026.09,
2026-09-17T16:00:00-04:00,76535.06,76672.24,76198.68,76362.48,79554.79,75026.09,
2026-09-17T20:00:00-04:00,76362.48,77520.55,76231.97,77313.62,79554.79,75026.09,
2026-09-18T00:00:00-04:00,77313.54,77776.58,77151.29,77728.44,79554.79,75026.09,
2026-09-18T04:00:00-04:00,77728.44,78401.19,77595.57,77995.11,79554.79,75026.09,
2026-09-18T08:00:00-04:00,77996.11,81063.61,77909.57,80657.23,79554.79,75026.09,
2026-09-18T12:00:00-04:00,80657.23,81313.68,80509.31,81135.33,79554.79,75026.09,
2026-09-18T16:00:00-04:00,81135.53,81299.47,80797.25,80820.37,79554.79,75026.09,
2026-09-18T20:00:00-04:00,80820.22,81700.79,80820.22,81111.85,79554.79,75026.09,
2026-09-19T00:00:00-04:00,81111.78,81225.08,80897.84,81076.32,79554.79,75026.09,
2026-09-19T04:00:00-04:00,81076.32,81498.58,81049.06,81283.02,79554.79,75026.09,
2026-09-19T08:00:00-04:00,81283.03,81917.75,81158.88,81613.33,79554.79,75026.09,
2026-09-19T12:00:00-04:00,81613.33,81878.76,81295.96,81333.49,79554.79,75026.09,
2026-09-19T16:00:00-04:00,81333.56,81411.15,80883.04,81232.51,79554.79,75026.09,
2026-09-19T20:00:00-04:00,81232.54,81300.96,80104.97,80460.11,79554.79,75026.09,
2026-09-20T00:00:00-04:00,80459.39,80601.83,80197.03,80282.62,79554.79,75026.09,
2026-09-20T04:00:00-04:00,80282.3,80552.45,80149.69,80457.42,81917.75,75026.09,
2026-09-20T08:00:00-04:00,80457.63,80935.14,80298.21,80883.58,81917.75,75026.09,
2026-09-20T12:00:00-04:00,80883.58,81443.3,80786.07,81149.78,81917.75,75026.09,
2026-09-20T16:00:00-04:00,81149.78,81299.46,80577.81,81150.36,81917.75,80104.97,
2026-09-20T20:00:00-04:00,81150.37,82069.45,80846.12,81407.65,81917.75,80104.97,
2026-09-21T00:00:00-04:00,81407.65,81847.23,81210.47,81695.86,81917.75,80104.97,
2026-09-21T04:00:00-04:00,81695.86,85212.34,81695.86,84857.45,81917.75,80104.97,
2026-09-21T08:00:00-04:00,84857.64,86322.04,84770.36,85908.23,81917.75,80104.97,
2026-09-21T12:00:00-04:00,85908.23,86857.92,85592.87,86481.53,81917.75,80104.97,
2026-09-21T16:00:00-04:00,86482.14,87354.33,86280.41,86597.09,81917.75,80104.97,
2026-09-21T20:00:00-04:00,86597.09,86606.37,85291.97,85674.46,81917.75,80104.97,
2026-09-22T00:00:00-04:00,85674.29,85712.37,85095.42,85325.89,81917.75,80104.97,
2026-09-22T04:00:00-04:00,85325.89,86323.69,85309.68,85968.89,81917.75,80104.97,
2026-09-22T08:00:00-04:00,85968.89,86675.52,85462.41,86394.68,81917.75,80104.97,
2026-09-22T12:00:00-04:00,86394.68,86639.45,86055.15,86186.06,87354.33,80104.97,
2026-09-22T16:00:00-04:00,86186.06,86482.12,85987.41,86188.29,87354.33,80104.97,
2026-09-22T20:00:00-04:00,86188.3,86932.24,86125.67,86694.35,87354.33,80104.97,
2026-09-23T00:00:00-04:00,86694.18,87265.6,85994.13,86120,87354.33,80104.97,
2026-09-23T04:00:00-04:00,86120.92,86257.13,85442.67,85642.53,87354.33,80104.97,
2026-09-23T08:00:00-04:00,85642.52,85921.27,83866.62,83989.7,87354.33,80104.97,
2026-09-23T12:00:00-04:00,83988.62,84377.48,83522.67,84208.97,,,