time,open,high,low,close,Swing High,Swing Low,Trail,Fast,Slow
2026-09-23T21:21:30-04:00,84284.14,84284.14,84263.13,84269.94,84315,84200,84244.55112,49.05023670741377,56.543587691215464
2026-09-23T21:21:45-04:00,84275.66,84275.66,84258.06,84258.06,84333.3,84200,84244.55112,45.66875235434071,53.230839793828025
2026-09-23T21:22:00-04:00,84257.49,84266.79,84257.49,84266.79,84333.3,84200,84244.55112,45.50914780866899,50.281455906916094
2026-09-23T21:22:15-04:00,84263.11,84271.1,84250,84250.13,84333.3,84200,84244.55112,44.75323848725953,48.13096205054689
2026-09-23T21:22:30-04:00,84254.09,84254.94,84252.69,84254.93,84333.3,84200,84244.55112,43.442698404647814,46.292336843038164
2026-09-23T21:22:45-04:00,84254.93,84254.93,84226.43,84226.43,84333.3,84200,,40.97624814290097,44.820791377563445
2026-09-23T21:23:00-04:00,84226.44,84253.83,84226.44,84240.11,84333.3,84200,,39.930557749580444,43.55945995238294
2026-09-23T21:23:15-04:00,84240.11,84240.12,84238.53,84238.54,84333.3,84200,,41.938270310740464,42.788800978513926
2026-09-23T21:23:30-04:00,84238.53,84245.69,84238.53,84245.69,84333.3,84200,,42.93761464943497,42.77913489383844
2026-09-23T21:23:45-04:00,84245.68,84249.19,84245.68,84249.18,84333.3,84200,,44.701539915038715,42.55805586604814
2026-09-23T21:24:00-04:00,84249.19,84309.88,84249.19,84309.87,84333.3,84226.43,,52.97228997626689,45.12743531926912
2026-09-23T21:24:15-04:00,84309.88,84321.34,84309.87,84321.34,84333.3,84226.43,,61.7240626925779,47.78130280545674
2026-09-23T21:24:30-04:00,84321.33,84333.3,84321.33,84333.3,84333.3,84226.43,,63.85376197092275,51.66386784156106
2026-09-23T21:24:45-04:00,84333.29,84333.3,84313.12,84313.12,84333.3,84226.43,,61.859803385072766,54.04680155845454
2026-09-23T21:25:00-04:00,84327.88,84327.89,84271.81,84271.81,84333.3,84226.43,,53.74219381204429,55.036417413362145
2026-09-23T21:25:15-04:00,84268.52,84268.52,84250,84250,84333.3,84226.43,,46.51516548666008,55.06895894051886
2026-09-23T21:25:30-04:00,84240.14,84240.14,84238.54,84238.54,84333.3,84226.43,,43.281910519848054,54.63080901473624
2026-09-23T21:25:45-04:00,84238.55,84238.55,84238.54,84238.55,84333.3,84226.43,,42.218903104706406,51.99656269150158
2026-09-23T21:26:00-04:00,84238.54,84238.55,84238.54,84238.55,84333.3,84226.43,,42.22020623488075,49.05827859825134
2026-09-23T21:26:15-04:00,84238.55,84238.65,84238.54,84238.65,84333.3,84226.43,,42.23531087751434,45.81986237909917
2026-09-23T21:26:30-04:00,84238.55,84238.55,84218.75,84218.76,84333.3,84226.43,,40.12284695640172,42.84771961863105
2026-09-23T21:26:45-04:00,84218.76,84235.56,84218.75,84235.56,84333.3,84226.43,,40.59704965893832,42.06410690678319
2026-09-23T21:27:00-04:00,84235.55,84257.9,84235.55,84257.89,84333.3,84226.43,,46.244602762767315,42.770415983233114
2026-09-23T21:27:15-04:00,84257.9,84274.87,84257.9,84270.88,84333.3,84226.43,,50.88661982888655,44.23688099507989
2026-09-23T21:27:30-04:00,84270.89,84270.89,84270.88,84270.88,84333.3,84226.43,,52.48285505745959,45.70297368401973
2026-09-23T21:27:45-04:00,84270.89,84274.87,84270.88,84274.86,84333.3,84226.43,,53.002721518292454,47.317599647483235
2026-09-23T21:28:00-04:00,84274.87,84274.87,84274.86,84274.87,84333.3,84218.75,,53.523963791773106,48.928303088093664
2026-09-23T21:28:15-04:00,84274.86,84278.64,84260.88,84267.35,84333.3,84218.75,,52.30089109769237,50.797040830709136
2026-09-23T21:28:30-04:00,84268.8,84268.81,84268.8,84268.8,84333.3,84218.75,,51.306654313636,51.98819013229299
2026-09-23T21:28:45-04:00,84274.86,84274.87,84272.84,84273.58,84333.3,84218.75,,52.320282288091754,52.53294926651612
2026-09-23T21:29:00-04:00,84273.57,84273.58,84272.81,84272.82,84333.3,84218.75,,52.957521660264874,52.57987636982966
2026-09-23T21:29:15-04:00,84272.81,84274.87,84272.81,84274.87,84333.3,84218.75,,53.18273125788887,52.732913895210196
2026-09-23T21:29:30-04:00,84274.86,84274.87,84260.89,84260.9,84278.64,84218.75,,50.78122921626128,51.94516428353504
2026-09-23T21:29:45-04:00,84260.89,84260.9,84238.56,84238.56,84278.64,84218.75,,44.3754005799578,50.1190386918344
2026-09-23T21:30:00-04:00,84238.55,84238.56,84218.75,84218.75,84278.64,84218.75,84302.66844999998,38.17000617853557,47.90776859234739
2026-09-23T21:30:15-04:00,84218.76,84222.48,84218.75,84222.47,84278.64,84218.75,84302.66844999998,36.39940443855701,45.85982444181183
2026-09-23T21:30:30-04:00,84225.36,84225.37,84222.47,84222.48,84278.64,84218.75,84302.66844999998,37.20352034196793,43.58869375059772
2026-09-23T21:30:45-04:00,84222.47,84222.47,84218.75,84218.75,84278.64,84218.75,84302.66844999998,36.68229165012821,41.20975872462992
2026-09-23T21:31:00-04:00,84218.77,84222.78,84218.34,84218.34,84278.64,84218.75,84302.66844999998,36.09877502748547,38.70756339905389
2026-09-23T21:31:15-04:00,84218.98,84247.8,84218.98,84247.8,84278.64,84218.75,84302.66844999998,42.57550048036407,38.865264800087864
2026-09-23T21:31:30-04:00,84263.29,84263.29,84251.47,84251.48,84278.64,84218.75,84302.66844999998,49.793141614128594,40.25548940881698
2026-09-23T21:31:45-04:00,84251.47,84252.9,84251.47,84251.48,84278.64,84218.75,84302.66844999998,50.47403272362017,42.38070095582632
2026-09-23T21:32:00-04:00,84251.47,84251.48,84251.47,84251.47,84278.64,84218.75,84302.66844999998,50.47190449957175,44.276203711964044
2026-09-23T21:32:15-04:00,84251.48,84251.48,84251.47,84251.48,84278.64,84218.34,84302.66844999998,50.47202514823759,46.17170232904622
2026-09-23T21:32:30-04:00,84251.47,84251.48,84251.47,84251.47,84278.64,84218.34,84302.66844999998,50.47180623844723,48.21606502291233
2026-09-23T21:32:45-04:00,84251.48,84267.8,84251.47,84267.8,84278.64,84218.34,84302.66844999998,54.10319272887136,51.31582167229933
2026-09-23T21:33:00-04:00,84267.79,84285.29,84267.79,84285.24,84278.64,84218.34,84302.66844999998,60.788263504967475,53.419711601370444
2026-09-23T21:33:15-04:00,84285.29,84300,84284.74,84300,84278.64,84218.34,84302.66844999998,65.94218379081936,55.929833722782405
2026-09-23T21:33:30-04:00,84302.36,84302.36,84300.41,84300.42,84278.64,84218.34,84302.66844999998,68.1016271879489,58.45616716260723
2026-09-23T21:33:45-04:00,84300.41,84317.96,84300.41,84317.96,84278.64,84218.34,,70.35094817495906,61.609560487178776
2026-09-23T21:34:00-04:00,84320.88,84335.92,84314.3,84335.92,84278.64,84251.47,,74.3534759453629,65.27943881892874
2026-09-23T21:34:15-04:00,84341.34,84350,84341.33,84350,84278.64,84251.47,,77.35716553764065,69.29109171551976
2026-09-23T21:34:30-04:00,84349.99,84371.25,84349.99,84371.24,84278.64,84251.47,,80.05176235138109,72.69331585393152
2026-09-23T21:34:45-04:00,84377.79,84378.1,84374.71,84375.96,84278.64,84251.47,,81.85151849720143,75.30916457044374
2026-09-23T21:35:00-04:00,84375.97,84382.58,84375.96,84382.57,84278.64,84251.47,,82.56627802255134,77.4430570629978
2026-09-23T21:35:15-04:00,84382.58,84400,84382.58,84400,84278.64,84251.47,,83.97646929633962,79.84483374426966
2026-09-23T21:35:30-04:00,84393.77,84400,84386.91,84395.97,84278.64,84251.47,,83.76955453938629,81.27694459569129
2026-09-23T21:35:45-04:00,84400,84400,84399.99,84399.99,84278.64,84251.47,,82.82523491644736,82.26533630743666
2026-09-23T21:36:00-04:00,84400,84414.12,84399.99,84414.12,84278.64,84251.47,,83.9313002417621,83.15526879686887
2026-09-23T21:36:15-04:00,84417.48,84417.48,84417.47,84417.47,84278.64,84251.47,,84.97060142622752,83.67071890024992
2026-09-23T21:36:30-04:00,84417.48,84418.3,84405.67,84418.3,84278.64,84251.47,,85.20991089607556,84.11480948226146
2026-09-23T21:36:45-04:00,84418.3,84450,84418.3,84445.21,84278.64,84251.47,,86.64343305239575,84.83562033734833
2026-09-23T21:37:00-04:00,84445.2,84464.63,84445.2,84464.63,84278.64,84251.47,,88.7903250506672,85.49019684064079
2026-09-23T21:37:15-04:00,84464.62,84464.63,84464.62,84464.63,84278.64,84251.47,,89.55283909434414,86.48798735305057
2026-09-23T21:37:30-04:00,84464.62,84464.63,84373.08,84373.09,84278.64,84251.47,,71.17196978027785,82.16069251602093
2026-09-23T21:37:45-04:00,84371.89,84377.17,84371.89,84375.54,84278.64,84251.47,,53.06712140820487,77.66965054346278
2026-09-23T21:38:00-04:00,84371.9,84371.9,84356.25,84356.26,84278.64,84251.47,,50.93830802744028,72.43718011636743
2026-09-23T21:38:15-04:00,84356.25,84356.25,84342.07,84342.08,84278.64,84251.47,,46.9159746416719,66.72852589934745
2026-09-23T21:38:30-04:00,84342.07,84342.07,84329.25,84329.25,84278.64,84251.47,,43.917160241087785,60.22967359885086
2026-09-23T21:38:45-04:00,84329.26,84329.26,84305.15,84307.03,84464.63,84251.47,,40.363745456910955,52.89236030113137
2026-09-23T21:39:00-04:00,84307.04,84307.04,84300,84300.01,84464.63,84251.47,,37.55038316658104,45.37182904806139
2026-09-23T21:39:15-04:00,84300,84300.01,84287.5,84287.51,84464.63,84251.47,,35.79262742771678,42.783976771828215
2026-09-23T21:39:30-04:00,84287.5,84287.51,84287.38,84287.39,84464.63,84251.47,,34.665296827951195,40.11416488227463
2026-09-23T21:39:45-04:00,84287.38,84287.39,84287.38,84287.38,84464.63,84251.47,,34.65348717129267,38.13117081292889
2026-09-23T21:40:00-04:00,84287.39,84287.39,84259.01,84259.01,84464.63,84251.47,,32.11758070153287,35.8860523279492
2026-09-23T21:40:15-04:00,84254.27,84254.91,84254.27,84254.28,84464.63,84251.47,,29.204034376950236,33.92742056603245
2026-09-23T21:40:30-04:00,84251.6,84251.61,84251.6,84251.6,84464.63,84251.47,,28.603776285626378,32.52606113615361
2026-09-23T21:40:45-04:00,84251.61,84251.61,84234.29,84234.3,84464.63,84251.47,,27.01151913571339,30.916316557213122
2026-09-23T21:41:00-04:00,84234.29,84234.29,84228.94,84230.6,84464.63,84251.47,,25.361918842753344,29.545858683306903
2026-09-23T21:41:15-04:00,84230.61,84230.61,84230.6,84230.61,84464.63,84251.47,,25.08530182979364,28.179175129168105
2026-09-23T21:41:30-04:00,84230.6,84230.61,84222.16,84222.17,84464.63,84251.47,,24.40488008420176,26.61768522985236
2026-09-23T21:41:45-04:00,84222.18,84238.62,84222.17,84223.99,84464.63,84251.47,,24.19817303810574,25.91648722533178
2026-09-23T21:42:00-04:00,84220.02,84220.02,84214.88,84214.88,84464.63,84251.47,,23.89643663732831,25.101228732817525
2026-09-23T21:42:15-04:00,84214.89,84217.16,84214.89,84217.14,84464.63,84251.47,,23.755377283854646,24.531230367682713
2026-09-23T21:42:30-04:00,84217.12,84217.13,84217.11,84217.12,84464.63,84251.47,,24.39021638190037,24.352285088870946
2026-09-23T21:42:45-04:00,84217.11,84217.11,84201.73,84201.73,84464.63,84251.47,,22.977759986282383,23.850042122976728
2026-09-23T21:43:00-04:00,84201.12,84201.13,84200.55,84201.05,84464.63,84251.47,,21.508199462238775,23.330255840998127
2026-09-23T21:43:15-04:00,84200,84200,84170,84170,84464.63,84251.47,,19.174608338754712,22.355678767134712
2026-09-23T21:43:30-04:00,84167.15,84167.16,84146.12,84146.13,84464.63,84251.47,,15.63794041305756,20.884475090984363
2026-09-23T21:43:45-04:00,84146.12,84146.12,84088.33,84088.33,84464.63,84251.47,,12.360972960708995,19.059832002386337
2026-09-23T21:44:00-04:00,84088.32,84213.14,84088.32,84213.14,84464.63,84251.47,,28.035654358418036,22.107411398002476
2026-09-23T21:44:15-04:00,84203.98,84203.98,84178.87,84178.89,84464.63,84251.47,,43.337421629119476,24.473319215877506
2026-09-23T21:44:30-04:00,84195.19,84195.19,84175.45,84175.46,84464.63,84251.47,,40.72158987441313,27.177077080325546
2026-09-23T21:44:45-04:00,84163.5,84163.51,84138.8,84139.61,84464.63,84251.47,,38.2379399941594,29.253245082140545
2026-09-23T21:45:00-04:00,84139.62,84139.62,84128.04,84128.84,84464.63,84251.47,,35.3564558993706,31.800462097644374
2026-09-23T21:45:15-04:00,84128.83,84142.49,84127.26,84142.49,84464.63,84088.32,,36.20992321042785,35.13095445281777
2026-09-23T21:45:30-04:00,84142.48,84186.05,84142.48,84186.05,84464.63,84088.32,,41.88868756482694,40.23695198453521
2026-09-23T21:45:45-04:00,84190.15,84190.15,84190.14,84190.15,84464.63,84088.32,,46.45142071675971,40.39260198377253
2026-09-23T21:46:00-04:00,84186.82,84187.6,84180.18,84181.44,84464.63,84088.32,,46.11454356020089,41.03041539341562
2026-09-23T21:46:15-04:00,84171.66,84172.02,84157.14,84157.14,84464.63,84088.32,,43.541803185118916,41.198377215402765
2026-09-23T21:46:30-04:00,84148.32,84148.32,84116.28,84116.28,84464.63,84088.32,,38.96228296879789,41.23737052902662
2026-09-23T21:46:45-04:00,84116.29,84119.74,84116.28,84116.29,84464.63,84088.32,,36.25639088193205,41.45550149613461
2026-09-23T21:47:00-04:00,84116.28,84130.55,84116.28,84128.73,84464.63,84088.32,,37.655445320843626,41.650376846288275
2026-09-23T21:47:15-04:00,84129.53,84152.53,84129.53,84138.58,84464.63,84088.32,,40.152083431606755,40.95932888664312
2026-09-23T21:47:30-04:00,84138.59,84147.53,84138.51,84147.53,84464.63,84088.32,,42.25176299220301,40.450474639272066
2026-09-23T21:47:45-04:00,84147.52,84147.52,84139.59,84139.6,84464.63,84088.32,,42.57170703103438,39.94708987830984
2026-09-23T21:48:00-04:00,84139.59,84146.38,84139.59,84141.55,84464.63,84088.32,,42.1309484064214,40.04737327392993
2026-09-23T21:48:15-04:00,84142.43,84142.43,84108.59,84108.6,84464.63,84088.32,,39.59984610940639,40.12925077562655
2026-09-23T21:48:30-04:00,84100.01,84100.01,84095.02,84095.03,84464.63,84088.32,,35.81865978972594,39.92230724758532
2026-09-23T21:48:45-04:00,84095.02,84096.07,84089.64,84089.65,84464.63,84088.32,,34.41070581920823,39.20218234658786
2026-09-23T21:49:00-04:00,84089.65,84089.65,84089.64,84089.64,84464.63,84088.32,,34.011755292429385,38.167927779248934
2026-09-23T21:49:15-04:00,84095.53,84114.79,84095.3,84102.8,84464.63,84088.32,,36.02176827807581,37.42218385683724
2026-09-23T21:49:30-04:00,84110.82,84137.57,84110.81,84136.13,84464.63,84088.32,,42.44868832775934,38.13277957831321
2026-09-23T21:49:45-04:00,84114.75,84133.26,84113.87,84115.06,84464.63,84088.32,,44.792199728152966,38.18254137733197
2026-09-23T21:50:00-04:00,84112.66,84117.25,84112.65,84116.36,84464.63,84088.32,,42.88692169878631,39.07194403242176
2026-09-23T21:50:15-04:00,84099.94,84099.94,84091.29,84091.29,84464.63,84089.64,,40.72475460555266,39.584282753282466
2026-09-23T21:50:30-04:00,84090.32,84090.33,84086.63,84086.64,84464.63,84089.64,,37.98906623916935,40.09433272383922
2026-09-23T21:50:45-04:00,84086.63,84086.64,84070.4,84070.41,84464.63,84089.64,,36.19852151167884,40.209073101639454
2026-09-23T21:51:00-04:00,84070.4,84070.41,84070.4,84070.41,84464.63,84089.64,,34.81415918004609,39.749301552973584
2026-09-23T21:51:15-04:00,84070.4,84070.41,84070.4,84070.4,84464.63,84089.64,,34.81324286763696,38.0275172558902
2026-09-23T21:51:30-04:00,84070.41,84070.41,84070.4,84070.4,84464.63,84089.64,,34.81232655522783,36.897909217852124
2026-09-23T21:51:45-04:00,84070.41,84087.6,84070.4,84081.77,84464.63,84089.64,,36.927943698787885,36.32495211303351
2026-09-23T21:52:00-04:00,84106.44,84144.92,84106.44,84144.92,84464.63,84089.64,,47.56718941491225,38.85289059195486
2026-09-23T21:52:15-04:00,84144.94,84147.53,84144.87,84147.52,84464.63,84089.64,,56.35971924888151,41.57371011580842
2026-09-23T21:52:30-04:00,84147.53,84150,84147.36,84147.37,84464.63,84089.64,,56.60709042708241,44.683910282070165
2026-09-23T21:52:45-04:00,84147.23,84165.17,84147.22,84165.16,84464.63,84089.64,,58.507143260273,48.343134138730385
2026-09-23T21:53:00-04:00,84165.17,84165.17,84149.99,84149.99,84464.63,84070.4,,58.15719036997871,51.35360956845352
2026-09-23T21:53:15-04:00,84150,84150,84145.63,84145.63,84464.63,84070.4,,55.25021837362581,54.18253180112981
2026-09-23T21:53:30-04:00,84145.64,84145.64,84135.16,84135.17,84464.63,84070.4,,53.099418222483486,55.97403086093799
2026-09-23T21:53:45-04:00,84135.16,84135.16,84125.16,84125.16,84464.63,84070.4,,50.18879135079623,54.93156092566809
2026-09-23T21:54:00-04:00,84125.17,84156.47,84125.16,84156.46,84464.63,84070.4,,52.73884799998031,54.93949621839478
2026-09-23T21:54:15-04:00,84156.47,84156.47,84146.26,84146.26,84165.17,84070.4,,55.23009357225439,54.538133252860085
2026-09-23T21:54:30-04:00,84147.88,84147.88,84137.62,84137.62,84165.17,84070.4,,52.57390018300959,53.24428391060524
2026-09-23T21:54:45-04:00,84137.63,84137.63,84137.62,84137.62,84165.17,84070.4,,51.37178078088367,52.59944479883294
2026-09-23T21:55:00-04:00,84137.63,84140.26,84137.62,84140.25,84165.17,84070.4,,51.74957698014133,52.24410065532396
2026-09-23T21:55:15-04:00,84140.26,84153.62,84139.4,84153.61,84165.17,84125.16,,54.002630645584695,52.85750549114757
2026-09-23T21:55:30-04:00,84156.58,84165.12,84156.58,84165.11,84165.17,84125.16,,57.3715714038199,54.29632352761644
2026-09-23T21:55:45-04:00,84170.53,84177.23,84170.53,84174.57,84165.17,84125.16,,60.02908896447813,54.94043148100409
2026-09-23T21:56:00-04:00,84174.58,84174.58,84173.41,84173.41,84165.17,84125.16,,60.9659880254103,55.93515051423241
2026-09-23T21:56:15-04:00,84173.41,84189.91,84173.41,84189.42,84165.17,84125.16,,62.688276435913565,57.83025326754809
2026-09-23T21:56:30-04:00,84189.42,84189.43,84189.42,84189.42,84165.17,84125.16,,64.63750005409341,59.725356020863764
2026-09-23T21:56:45-04:00,84189.43,84189.63,84189.42,84189.63,84165.17,84125.16,,64.6641677603836,61.52013634761731
2026-09-23T21:57:00-04:00,84189.62,84189.63,84189.62,84189.62,84165.17,84125.16,,64.6883338701609,62.778414085028395
2026-09-23T21:57:15-04:00,84189.63,84189.63,84189.61,84189.62,84165.17,84125.16,,64.68583227364802,63.6099251675682
2026-09-23T21:57:30-04:00,84189.61,84189.61,84172.13,84172.13,84189.91,84125.16,,60.299969233241455,62.855808447532205
2026-09-23T21:57:45-04:00,84172.14,84173.47,84166.08,84168.04,84189.91,84125.16,,54.99089339381375,61.90275527282633
2026-09-23T21:58:00-04:00,84168.05,84168.05,84128.96,84141.1,84189.91,84125.16,,48.93698867662815,58.92686908773637
2026-09-23T21:58:15-04:00,84141.11,84141.11,84100,84102.86,84189.91,84125.16,84129.16433098304,38.88079341355852,54.54369623267352
2026-09-23T21:58:30-04:00,84100,84113.2,84100,84113.2,84189.91,84125.16,84129.16433098304,35.984807348815146,50.732766113002526
2026-09-23T21:58:45-04:00,84116.73,84116.73,84115.55,84116.7,84189.91,84125.16,84129.16433098304,38.693459284577216,47.11658920822102
2026-09-23T21:59:00-04:00,84116.71,84116.92,84108.3,84108.3,84189.91,84125.16,84129.16433098304,38.3174074616989,43.19893045244563
2026-09-23T21:59:15-04:00,84108.31,84108.31,84108.13,84108.14,84189.91,84125.16,84129.16433098304,37.24175879537446,40.52852908311617
2026-09-23T21:59:30-04:00,84110.17,84111.44,84107.22,84107.23,84189.91,84125.16,84128.70903762883,37.09693989918371,38.086372311122766
2026-09-23T21:59:45-04:00,84107.22,84107.23,84103.01,84103.51,84189.91,84100,84124.02753494105,36.444317340534994,36.95919441566098
2026-09-23T22:00:00-04:00,84107.54,84111.44,84083.01,84083.02,84189.91,84100,84105.93035387385,33.31324202537489,36.49564334307029
2026-09-23T22:00:15-04:00,84081.25,84081.27,84081.25,84081.25,84189.91,84100,84102.76411431142,30.506146340667943,35.39386269904749
2026-09-23T22:00:30-04:00,84081.26,84081.66,84080.91,84081.66,84189.91,84100,84101.7391775749,30.417133933814416,34.13097895713807
2026-09-23T22:00:45-04:00,84094.04,84111.44,84094.03,84111.44,84189.91,84100,,37.67212336780957,35.209495815079116
2026-09-23T22:01:00-04:00,84104.31,84104.31,84001,84001,84189.91,84100,,34.710462736127454,33.40775151163893
2026-09-23T22:01:15-04:00,84010.24,84038.41,84010.24,84025.88,84189.91,84100,,28.32560454720284,32.70340000022744
2026-09-23T22:01:30-04:00,84040.44,84056.63,84040.44,84046.92,84189.91,84100,,34.84171193764453,32.94986425367023
2026-09-23T22:01:45-04:00,84053.12,84091.09,84053.11,84091.08,84189.91,84100,,42.53627339444253,35.338551819961054
2026-09-23T22:02:00-04:00,84099.68,84100,84096.07,84100,84111.44,84100,,48.29924082971591,38.033605536255365
2026-09-23T22:02:15-04:00,84098.01,84098.01,84091.43,84092.63,84111.44,84001,,48.46549731919201,40.49522707292608
2026-09-23T22:02:30-04:00,84092.64,84094.13,84092.63,84094.1,84111.44,84001,,47.92292491474569,40.96240597823711
2026-09-23T22:02:45-04:00,84100,84124.34,84100,84111.85,84111.44,84001,,49.98817564804097,44.86028790490138
2026-09-23T22:03:00-04:00,84101.01,84101.02,84077.45,84077.45,84111.44,84001,,48.446272699881604,46.71116830757391
2026-09-23T22:03:15-04:00,84070.92,84070.92,84050,84050,84111.44,84001,,42.69233533606469,47.10332316159285
2026-09-23T22:03:30-04:00,84049.19,84049.19,84045.25,84048.06,84111.44,84001,,40.23008546006761,46.05225746918107
2026-09-23T22:03:45-04:00,84045.25,84045.26,84041.04,84041.04,84111.44,84001,,39.48711023358239,44.58557156269756
2026-09-23T22:04:00-04:00,84035.26,84035.26,84012.5,84012.87,84124.34,84001,,36.715780594693456,42.695195547895764
2026-09-23T22:04:15-04:00,84030.25,84037.42,84030.25,84036.38,84124.34,84001,,37.532677679746605,41.61692949555496
2026-09-23T22:04:30-04:00,84032.8,84032.81,84012.33,84012.35,84124.34,84001,,38.67617491225125,39.46319533767013
2026-09-23T22:04:45-04:00,84012.34,84022.49,84012.34,84019.53,84124.34,84001,,37.72334886194187,38.553236970429325
2026-09-23T22:05:00-04:00,84012.35,84012.35,83996.59,83996.59,84124.34,84001,,36.89520914602564,37.80687356908754
2026-09-23T22:05:15-04:00,83993.35,83993.35,83975.13,83978.2,84124.34,84001,,33.897635804933,36.74396564039086
2026-09-23T22:05:30-04:00,83974.2,83991.81,83971.42,83991.81,84124.34,84001,,34.45921215164273,36.37033125996192
2026-09-23T22:05:45-04:00,83989.31,83989.31,83982.78,83982.78,84124.34,84001,,35.60853256552214,36.427609060627624
2026-09-23T22:06:00-04:00,83978.58,83978.58,83965.09,83965.09,84124.34,84001,,33.658335187935876,35.26337626230171
2026-09-23T22:06:15-04:00,83965.1,83965.1,83956.71,83956.72,84124.34,84001,,31.804462584737845,34.46426268133808
2026-09-23T22:06:30-04:00,83956.71,83956.72,83955,83955,84124.34,84001,,31.101513248609113,33.37142322992092
2026-09-23T22:06:45-04:00,83953.26,83979.03,83947.67,83978.41,84124.34,84001,,34.54647955377854,33.79319708355319
2026-09-23T22:07:00-04:00,83978.85,83982.7,83973.66,83973.67,84124.34,84001,,37.69412964182168,34.45613575474626
2026-09-23T22:07:15-04:00,83973.66,83973.66,83954.32,83969.44,84124.34,84001,,36.88732921551012,34.48694481608673
2026-09-23T22:07:30-04:00,83967.23,83967.23,83953.67,83953.68,84124.34,84001,,35.098133925299905,34.310307571825625
2026-09-23T22:07:45-04:00,83953.68,83953.68,83834.3,83834.3,84124.34,84001,,27.203565286034323,32.64272484411486
2026-09-23T22:08:00-04:00,83862.02,83900,83862.02,83870.19,84124.34,84001,,25.1088209966514,32.39726711808664
2026-09-23T22:08:15-04:00,83870.18,83870.18,83804.97,83807.08,84124.34,84001,,26.945204461479204,31.455208047792024
2026-09-23T22:08:30-04:00,83804.47,83842.02,83804.47,83842.02,84124.34,84001,,27.930250029092672,30.50691582531925
2026-09-23T22:08:45-04:00,83836.39,83836.39,83817.02,83818.99,84124.34,84001,,30.493856336099935,29.397987103300096
2026-09-23T22:09:00-04:00,83818.98,83860.69,83818.98,83828.35,84124.34,84001,,30.448771964158706,28.66732803921884
2026-09-23T22:09:15-04:00,83828.36,83828.36,83804.97,83804.97,84124.34,84001,,30.33836040912536,28.03805181296451
2026-09-23T22:09:30-04:00,83804.97,83813.42,83792.42,83799.48,84124.34,84001,,29.04753203230592,29.194175681010726
2026-09-23T22:09:45-04:00,83799.47,83813.42,83794.1,83813.42,84124.34,84001,,30.350289072984136,29.535614120488145
2026-09-23T22:10:00-04:00,83820.46,83820.46,83795.74,83795.75,84124.34,84001,,31.003677573329615,30.353739427253696
2026-09-23T22:10:15-04:00,83795.24,83795.25,83794.1,83794.11,84124.34,84001,,30.02741666534823,30.13480458798973
2026-09-23T22:10:30-04:00,83817.83,83817.83,83813.46,83813.49,84124.34,84001,,32.25937329923171,30.858172845291353
2026-09-23T22:10:45-04:00,83809.29,83809.3,83803.33,83803.33,84124.34,83792.42,,33.953050965524724,31.1360271598086
2026-09-23T22:11:00-04:00,83795.4,83795.41,83794.1,83794.11,84124.34,83792.42,,32.76490593828787,31.551471567909207
2026-09-23T22:11:15-04:00,83794.1,83794.11,83770,83770,84124.34,83792.42,,30.793152863966835,31.634775968854573
2026-09-23T22:11:30-04:00,83770.01,83770.01,83764.7,83764.71,84124.34,83792.42,,29.090508524511808,31.191534268345684
2026-09-23T22:11:45-04:00,83764.71,83764.71,83764.7,83764.71,84124.34,83792.42,,28.793498888740093,31.003296344686134
2026-09-23T22:12:00-04:00,83764.8,83805.56,83764.72,83804.37,84124.34,83792.42,,34.11552979604529,32.35956659140198
2026-09-23T22:12:15-04:00,83810.36,83824.21,83810.36,83824.2,84124.34,83792.42,,41.693331675084195,33.69871302350113
2026-09-23T22:12:30-04:00,83842.01,83875,83842.01,83875,84124.34,83792.42,,48.726887949112566,36.58066287242708
2026-09-23T22:12:45-04:00,83884.69,83900,83884.69,83899.99,84124.34,83792.42,,55.43037262397401,40.17456064798289
2026-09-23T22:13:00-04:00,83900,83919.3,83900,83913.02,84124.34,83764.7,,58.303736699605054,44.440829682609426
2026-09-23T22:13:15-04:00,83913.01,83967.63,83913.01,83967.63,84124.34,83764.7,,62.65566185754193,49.764604457420056
2026-09-23T22:13:30-04:00,83967.62,83967.62,83961.47,83962.19,84124.34,83764.7,,65.47829616548205,54.92220033310713
2026-09-23T22:13:45-04:00,83951.47,83951.48,83929.16,83939.08,84124.34,83764.7,,62.47750797623496,57.86802679461711
2026-09-23T22:14:00-04:00,83939.09,83939.09,83912.65,83913.08,84124.34,83764.7,,57.570541986591394,59.4585461363949
2026-09-23T22:14:15-04:00,83911.93,83922.61,83893.57,83922.6,84124.34,83764.7,,55.793204648468716,59.88697442300458
2026-09-23T22:14:30-04:00,83922.61,83939.11,83922.6,83935.55,83967.63,83764.7,,57.46689395106252,60.0404093727059
2026-09-23T22:14:45-04:00,83932.78,83950,83930.97,83950,83967.63,83764.7,,59.480422938605614,60.22317049129047
2026-09-23T22:15:00-04:00,83949.99,83989.41,83949.99,83989.41,83967.63,83764.7,,63.081192346077614,60.16198951228752
2026-09-23T22:15:15-04:00,83994.27,84076.59,83994.27,84064.93,83967.63,83764.7,,69.24977999193307,61.300737298847885
2026-09-23T22:15:30-04:00,84069.99,84076.71,84050.46,84050.46,83967.63,83893.57,,71.35091498715414,62.69724865826443
2026-09-23T22:15:45-04:00,84042.63,84068.45,84042.63,84068.45,83967.63,83893.57,,70.63036432943937,65.03211511109016
2026-09-23T22:16:00-04:00,84068.44,84100,84068.44,84100,83967.63,83893.57,,72.72237098754877,67.534153326573
2026-09-23T22:16:15-04:00,84095.17,84102.4,84095.17,84102.4,83967.63,83893.57,,74.11373689779668,69.7883559530142
2026-09-23T22:16:30-04:00,84103.68,84141.11,84103.67,84141.1,83967.63,83893.57,,75.67338508631731,72.16071394020491
2026-09-23T22:16:45-04:00,84141.11,84145.15,84140.87,84141.59,83967.63,83893.57,,77.15490220187829,73.8094159118144
2026-09-23T22:17:00-04:00,84141.6,84172.77,84141.6,84171.1,83967.63,83893.57,,78.21240451527572,74.72146380401709
2026-09-23T22:17:15-04:00,84171.1,84172.77,84171.1,84172.58,83967.63,83893.57,,79.30303514609696,76.08145024294092
2026-09-23T22:17:30-04:00,84161.11,84161.11,84104.91,84114.85,83967.63,83893.57,,72.58504591058761,75.27994425577374
2026-09-23T22:17:45-04:00,84114.84,84172.77,84114.84,84172.76,83967.63,83893.57,,68.47600498860936,74.86820281467251
2026-09-23T22:18:00-04:00,84172.77,84208.98,84172.76,84208.97,83967.63,83893.57,,72.50461607322495,74.82019544875324
2026-09-23T22:18:15-04:00,84206.85,84212.2,84206.85,84212.2,83967.63,83893.57,,73.99143460115081,74.38764553319638
2026-09-23T22:18:30-04:00,84212.19,84212.19,84202.35,84203.41,83967.63,83893.57,,73.15412482040009,73.67711619690233
2026-09-23T22:18:45-04:00,84203.4,84214.25,84203.2,84204.34,83967.63,83893.57,,72.23957532979622,72.68112290877366
2026-09-23T22:19:00-04:00,84208.19,84234.29,84208.19,84234.28,83967.63,83893.57,,73.55788916470782,72.03564591650543
2026-09-23T22:19:15-04:00,84234.29,84241.61,84234.29,84241.61,83967.63,83893.57,,75.13403226268812,73.40940472365953
2026-09-23T22:19:30-04:00,84241.6,84241.6,84211.67,84211.67,83967.63,83893.57,,71.86812955302767,73.00482436348209
2026-09-23T22:19:45-04:00,84215.9,84224.33,84215.89,84224.33,83967.63,83893.57,,68.95758257426064,72.39596658109829
2026-09-23T22:20:00-04:00,84224.34,84241.61,84224.34,84241.61,83967.63,83893.57,,70.48030481295092,72.00164442399641
2026-09-23T22:20:15-04:00,84241.61,84241.61,84241.6,84241.61,83967.63,83893.57,,71.34913063448488,71.8802539565511
2026-09-23T22:20:30-04:00,84241.6,84241.6,84219.28,84219.29,83967.63,83893.57,,68.534391016587,70.94302033450806
2026-09-23T22:20:45-04:00,84219.2,84219.2,84197.38,84197.38,83967.63,83893.57,,63.189856793779725,68.91795899342878
2026-09-23T22:21:00-04:00,84197.39,84197.39,84197.38,84197.39,83967.63,83893.57,,60.660806491497226,66.80781297131065
2026-09-23T22:21:15-04:00,84197.38,84197.38,84176.16,84176.16,83967.63,83893.57,,58.24648366320656,65.0260601677656
2026-09-23T22:21:30-04:00,84176.15,84197.58,84176.15,84193.23,84241.61,83893.57,,57.255847156236946,63.46445999473245
2026-09-23T22:21:45-04:00,84179.46,84179.47,84175.26,84175.26,84241.61,83893.57,,56.6810166647678,61.08340641114186
2026-09-23T22:22:00-04:00,84173.32,84173.36,84161.56,84161.57,84241.61,83893.57,,53.2342001718021,58.28876557682309
2026-09-23T22:22:15-04:00,84162.42,84163.34,84161.53,84163.34,84241.61,83893.57,,51.963055435567114,56.348739102279026
2026-09-23T22:22:30-04:00,84162.69,84162.7,84140,84140.01,84241.61,83893.57,,49.686282649615194,54.43060153563322
2026-09-23T22:22:45-04:00,84139.08,84139.09,84115.57,84118.34,84241.61,83893.57,,45.20134902225721,51.931751253924745
2026-09-23T22:23:00-04:00,84118.35,84118.37,84118.34,84118.34,84241.61,83893.57,,43.16959882216477,50.12292015247842
2026-09-23T22:23:15-04:00,84118.27,84118.28,84102.4,84102.41,84241.61,83893.57,,41.69461206918595,47.48568408619589
2026-09-23T22:23:30-04:00,84102.4,84118,84102.4,84117.99,84241.61,83893.57,,42.226502490650105,45.99305895987338
2026-09-23T22:23:45-04:00,84118,84118,84117.99,84117.99,84241.61,83893.57,,44.23337966509308,44.914021084279035
2026-09-23T22:24:00-04:00,84114.03,84114.03,84102.4,84102.4,84241.61,83893.57,,42.63465227510288,43.32780091402645
2026-09-23T22:24:15-04:00,84100.96,84100.97,84100.96,84100.96,84241.61,83893.57,,40.88944500195424,42.400638899233044
2026-09-23T22:24:30-04:00,84100.96,84100.97,84100.96,84100.97,84241.61,83893.57,,40.74454692283213,42.05442888561928
2026-09-23T22:24:45-04:00,84100.96,84100.97,84100.96,84100.96,84241.61,83893.57,,40.74495745198513,41.70788422203886
2026-09-23T22:25:00-04:00,84100.97,84100.97,84078.48,84078.49,84241.61,83893.57,,38.255776530353145,41.07190444595277
2026-09-23T22:25:15-04:00,84091.24,84116.63,84091.24,84109.68,84241.61,83893.57,,40.72587097921162,41.279132361627866
2026-09-23T22:25:30-04:00,84109.67,84116.53,84102.82,84102.83,84241.61,83893.57,,44.879316846415655,41.25645792633064
2026-09-23T22:25:45-04:00,84102.82,84102.83,84102.82,84102.82,84241.61,83893.57,,44.07343820567898,41.69021405607817
2026-09-23T22:26:00-04:00,84102.83,84127.66,84102.82,84127.43,84241.61,83893.57,,47.6512396820694,43.188399263506405
2026-09-23T22:26:15-04:00,84127.42,84136.73,84127.42,84136.72,84241.61,84078.48,,52.436262819592315,45.03070431229537
2026-09-23T22:26:30-04:00,84145.09,84150,84127.71,84127.71,84241.61,84078.48,,52.32484340200235,46.49693810636847
2026-09-23T22:26:45-04:00,84127.72,84127.72,84110.87,84110.87,84241.61,84078.48,,48.71281854944891,48.018430603465596
2026-09-23T22:27:00-04:00,84110.88,84110.88,84106.3,84106.31,84241.61,84078.48,,45.82484835855517,47.95378878618091
2026-09-23T22:27:15-04:00,84102.1,84102.1,84097.42,84097.43,84241.61,84078.48,,44.080614742314935,47.79023000229396
2026-09-23T22:27:30-04:00,84097.44,84097.44,84097.4,84097.4,84241.61,84078.48,,42.92577379335465,47.625884668373956
2026-09-23T22:27:45-04:00,84097.41,84097.44,84097.4,84097.44,84150,84078.48,,42.929384055361446,46.44112839466311
2026-09-23T22:28:00-04:00,84097.43,84097.44,84093.22,84093.22,84150,84078.48,,42.30781499608502,44.732042433086164
2026-09-23T22:28:15-04:00,84089.1,84089.1,84089.09,84089.1,84150,84078.48,,41.05574804601049,43.221386864379724
2026-09-23T22:28:30-04:00,84117.27,84126.51,84117.27,84120.65,84150,84078.48,,46.322804779493694,44.0491813559561
2026-09-23T22:28:45-04:00,84120.64,84120.65,84120.64,84120.64,84150,84078.48,,52.21101367001826,45.04600552479775
2026-09-23T22:29:00-04:00,84120.65,84155.32,84120.65,84149.99,84150,84078.48,84066.14970000001,56.41084561928287,47.57210446366122
2026-09-23T22:29:15-04:00,84155.32,84169.78,84155.31,84169.77,84150,84078.48,84142.8765841707,62.84124024284976,50.73613879608206
2026-09-23T22:29:30-04:00,84169.78,84169.78,84169.77,84169.78,84150,84089.09,84144.80618530136,65.07111685610921,53.89831383530344
2026-09-23T22:29:45-04:00,84169.77,84169.78,84169.77,84169.77,84150,84089.09,84146.57867206556,65.07003421555409,57.23963000164465
2026-09-23T22:30:00-04:00,84169.78,84169.78,84158.46,84158.46,84150,84089.09,84146.57867206556,62.63531692830122,60.06390494452936
2026-09-23T22:30:15-04:00,84159.58,84159.58,84159.57,84159.58,84150,84089.09,84146.57867206556,60.36017131919707,61.25030615584562
2026-09-23T22:30:30-04:00,84169.91,84184.71,84169.91,84177.42,84150,84089.09,84153.97542730613,62.876373994762865,63.111150751599254
2026-09-23T22:30:45-04:00,84165.72,84172.68,84165.72,84172.67,84150,84089.09,84153.97542730613,64.15467409658618,63.46282857793228
2026-09-23T22:31:00-04:00,84170.96,84176.41,84160.08,84170.1,84150,84089.09,84153.97542730613,62.476995240807014,63.007080751015614
2026-09-23T22:31:15-04:00,84168.44,84168.44,84142.85,84143.58,84150,84089.09,,56.50090772285853,61.01419739700351
2026-09-23T22:31:30-04:00,84136.98,84156.79,84134.55,84156.79,84150,84089.09,,53.2067348342989,59.61756664208555
2026-09-23T22:31:45-04:00,84155.27,84155.27,84151.78,84151.79,84184.71,84089.09,,54.36249129493264,58.650532930326776
2026-09-23T22:32:00-04:00,84151.78,84172.13,84151.78,84172.13,84184.71,84089.09,,56.421236450636,58.49215667963953
2026-09-23T22:32:15-04:00,84172.13,84192.92,84172.13,84192.92,84184.71,84089.09,,61.92085967361029,58.377528838568885
2026-09-23T22:32:30-04:00,84192.91,84222.4,84192.91,84222.39,84184.71,84089.09,,67.25879171095566,59.37904742660224
2026-09-23T22:32:45-04:00,84222.4,84260.54,84222.39,84260.53,84184.71,84134.55,,72.79697296169418,61.326093901679506
2026-09-23T22:33:00-04:00,84260.54,84272.7,84260.53,84270,84184.71,84134.55,,76.07539576084909,64.97175829459955
2026-09-23T22:33:15-04:00,84269.99,84285.57,84269.99,84285.57,84184.71,84134.55,,77.52555791506218,68.27432906761187
2026-09-23T22:33:30-04:00,84285.56,84285.57,84275.56,84275.56,84184.71,84134.55,,76.45746225530497,71.2846071404202
2026-09-23T22:33:45-04:00,84275.57,84275.57,84249.31,84249.76,84184.71,84134.55,,69.98223004416312,72.14889866576247
2026-09-23T22:34:00-04:00,84246.27,84256.42,84246.25,84255.71,84184.71,84134.55,,65.96455427861753,72.43994845613656
2026-09-23T22:34:15-04:00,84254.85,84254.85,84241.47,84241.47,84184.71,84134.55,,64.13851200431982,71.25739017815224
2026-09-23T22:34:30-04:00,84241.48,84248.57,84231.47,84231.48,84184.71,84134.55,,60.2513842785043,68.85549454665374
2026-09-23T22:34:45-04:00,84231.47,84231.47,84216.84,84216.85,84285.57,84134.55,,56.537450133222215,65.67511999883028
2026-09-23T22:35:00-04:00,84215.08,84215.08,84196.85,84196.85,84285.57,84134.55,,51.72271308636039,61.483253167024664
2026-09-23T22:35:15-04:00,84201.13,84201.13,84200.75,84200.76,84285.57,84134.55,,49.5796547821225,57.99574643506386
2026-09-23T22:35:30-04:00,84201.13,84205.35,84201.12,84204.74,84285.57,84134.55,,50.63230998600636,55.95470457897987
2026-09-23T22:35:45-04:00,84204.75,84204.75,84199,84199,84285.57,84134.55,,50.34062031241808,53.53176530186402
2026-09-23T22:36:00-04:00,84187.18,84187.18,84163.02,84168.97,84285.57,84134.55,,45.68004953128565,50.68085815811297
2026-09-23T22:36:15-04:00,84168.97,84168.98,84168.97,84168.98,84285.57,84134.55,,41.85216953541496,48.27484680383849
2026-09-23T22:36:30-04:00,84168.97,84210.41,84168.97,84203.84,84285.57,84134.55,,46.86486796122546,47.917263251828174
2026-09-23T22:36:45-04:00,84202.61,84202.62,84197.88,84197.89,84285.57,84134.55,,51.079418636749935,48.091048389664074
2026-09-23T22:37:00-04:00,84194.31,84195.3,84177.96,84177.96,84285.57,84134.55,,47.77557626735617,47.40181224760922
2026-09-23T22:37:15-04:00,84179.14,84204.23,84178.26,84204.23,84285.57,84163.02,,48.66189139714034,47.52807164998807
2026-09-23T22:37:30-04:00,84200.83,84200.83,84195.79,84195.8,84285.57,84163.02,,50.98591955363517,47.58618345938554
2026-09-23T22:37:45-04:00,84195.79,84195.8,84195.79,84195.79,84210.41,84163.02,,49.91501490203203,48.73806175591561
2026-09-23T22:38:00-04:00,84204.49,84249.13,84204.49,84249.13,84210.41,84163.02,,55.71578335268438,51.54721597860538
2026-09-23T22:38:15-04:00,84249.99,84250,84247.06,84247.06,84210.41,84163.02,,61.22288845634901,52.84035332595091
2026-09-23T22:38:30-04:00,84247.07,84247.07,84247.06,84247.06,84210.41,84163.02,,60.92791493430494,54.36107206362109
2026-09-23T22:38:45-04:00,84241.43,84241.44,84241.43,84241.44,84210.41,84163.02,,60.034992651391505,56.34304372138958
2026-09-23T22:39:00-04:00,84241.25,84243.02,84238.79,84243.02,84210.41,84163.02,,59.321767898770155,57.40675106408675
2026-09-23T22:39:15-04:00,84249.99,84250,84249.44,84249.44,84210.41,84163.02,,60.25199011030082,58.99049245186547
2026-09-23T22:39:30-04:00,84245.32,84245.33,84239.24,84243.24,84210.41,84163.02,,59.87040548723323,60.251148374144236
2026-09-23T22:39:45-04:00,84236.69,84250,84236.69,84249.99,84210.41,84163.02,,59.59866500568842,60.099887209866615
2026-09-23T22:40:00-04:00,84250,84282.45,84250,84282.44,84210.41,84163.02,,63.96962840711702,61.035931217220806
2026-09-23T22:40:15-04:00,84282.45,84282.45,84271.14,84271.14,84210.41,84163.02,,65.37372691793269,61.37011920518883
2026-09-23T22:40:30-04:00,84271.49,84291.72,84271.49,84291.71,84210.41,84163.02,,65.27001249942714,62.53165117380241
2026-09-23T22:40:45-04:00,84292.12,84292.12,84292.11,84292.12,84210.41,84163.02,,67.31100685090648,63.652758905799196
2026-09-23T22:41:00-04:00,84292.11,84307.92,84292.11,84307.77,84210.41,84236.69,,68.77909888418594,64.96796796634102
2026-09-23T22:41:15-04:00,84307.77,84307.77,84307.24,84307.25,84210.41,84236.69,,70.09930181800677,66.57530071459163
2026-09-23T22:41:30-04:00,84307.24,84320.7,84307.24,84320.69,84210.41,84236.69,,71.19011406984703,68.27981055610061
2026-09-23T22:41:45-04:00,84320.7,84329.14,84320.69,84329.14,84210.41,84236.69,,73.09997635306323,69.18397155629056
2026-09-23T22:42:00-04:00,84330,84332.14,84330,84331.27,84210.41,84236.69,,73.98950887270942,70.74146254317968
2026-09-23T22:42:15-04:00,84331.28,84331.28,84329.24,84329.25,84210.41,84236.69,,73.6558222640845,71.57991720333551
2026-09-23T22:42:30-04:00,84329.24,84329.25,84329.24,84329.25,84210.41,84236.69,,73.14197676986402,72.40745394859611
2026-09-23T22:42:45-04:00,84329.25,84329.25,84329.24,84329.25,84210.41,84236.69,,73.14197676986402,72.82645374210067
2026-09-23T22:43:00-04:00,84329.24,84333.29,84329.24,84333.29,84210.41,84236.69,,73.59122566110527,73.40514647519569
2026-09-23T22:43:15-04:00,84333.28,84333.29,84331.24,84331.24,84210.41,84236.69,,73.37585716650689,73.45095176971778
2026-09-23T22:43:30-04:00,84331.25,84331.27,84331.24,84331.25,84210.41,84236.69,,72.71252647733047,73.29444651070061
2026-09-23T22:43:45-04:00,84331.25,84331.25,84331.2,84331.2,84210.41,84236.69,,72.69536117141772,73.08119528363444
2026-09-23T22:44:00-04:00,84331.21,84331.24,84331.2,84331.23,84210.41,84236.69,,72.6813878479568,73.01603667752127
2026-09-23T22:44:15-04:00,84331.23,84331.25,84331.23,84331.25,84210.41,84236.69,,72.68908017848909,72.95179625752732
2026-09-23T22:44:30-04:00,84331.24,84332,84323.28,84323.29,84333.29,84236.69,,69.36235480237357,71.93614468680973
2026-09-23T22:44:45-04:00,84323.29,84331.46,84323.28,84331.27,84333.29,84236.69,,67.56112135783701,71.22890931373638
2026-09-23T22:45:00-04:00,84331.28,84332,84331.27,84331.99,84333.29,84236.69,,69.22382334440013,70.74984930906494
2026-09-23T22:45:15-04:00,84331.99,84346.07,84331.99,84346.06,84333.29,84236.69,,71.72194861452824,70.94588706722145
2026-09-23T22:45:30-04:00,84346.06,84346.07,84341.33,84341.33,84333.29,84236.69,,72.12618716934317,70.58722816561506
2026-09-23T22:45:45-04:00,84341.34,84342.41,84341.33,84342.3,84333.29,84236.69,,70.33858381058138,70.27651448511419
2026-09-23T22:46:00-04:00,84342.31,84342.4,84342.3,84342.39,84333.29,84323.28,,70.52786735042451,69.96973878616804
2026-09-23T22:46:15-04:00,84342.4,84351.3,84342.4,84351.29,84333.29,84323.28,,72.15515913339148,71.07445857969074
2026-09-23T22:46:30-04:00,84351.3,84351.3,84351.29,84351.3,84333.29,84323.28,,73.76718955225452,71.74290112743019
2026-09-23T22:46:45-04:00,84351.3,84351.3,84338.38,84342.59,84333.29,84323.28,,69.69737872180892,71.20976011609325
2026-09-23T22:47:00-04:00,84342.6,84366.25,84342.6,84362.87,84333.29,84323.28,,69.35174898299238,71.06570123270565
2026-09-23T22:47:15-04:00,84362.86,84362.87,84362.86,84362.87,84333.29,84323.28,,73.07766529737617,71.48161100981697
2026-09-23T22:47:30-04:00,84362.74,84362.75,84362.73,84362.74,84333.29,84323.28,,73.01887157374932,71.83149773646792
2026-09-23T22:47:45-04:00,84362.75,84366.97,84362.74,84366.96,84333.29,84323.28,,73.68008763307645,72.38224537628895
2026-09-23T22:48:00-04:00,84367.49,84368.31,84367.48,84368.3,84333.29,84338.38,,74.6290314751524,72.53831840554247
2026-09-23T22:48:15-04:00,84368.31,84373.44,84368.3,84373.41,84333.29,84338.38,,75.71814826686321,72.93966215189144
2026-09-23T22:48:30-04:00,84373.4,84373.41,84363.11,84363.12,84333.29,84338.38,,71.63082163752165,73.09073066717467
2026-09-23T22:48:45-04:00,84364.98,84364.98,84364.97,84364.97,84333.29,84338.38,,67.08989798619487,72.29341900994929
2026-09-23T22:49:00-04:00,84364.98,84365.18,84353.11,84353.11,84333.29,84338.38,,62.62974791109512,70.10561141395151
2026-09-23T22:49:15-04:00,84339.17,84340.46,84335.04,84339,84333.29,84338.38,84419.09475999999,53.2589725962941,66.64773358781922
2026-09-23T22:49:30-04:00,84338.99,84345.04,84338.99,84341.78,84373.44,84338.38,84419.09475999999,49.575604122839195,63.218616125312295
2026-09-23T22:49:45-04:00,84353.41,84364.88,84353.4,84359.73,84373.44,84338.38,84419.09475999999,54.91389928287187,61.01483867573908
2026-09-23T22:50:00-04:00,84354.88,84354.88,84341.91,84343.28,84373.44,84338.38,84419.09475999999,54.90356679348237,57.271592847203486
2026-09-23T22:50:15-04:00,84345.71,84346.07,84341.27,84341.27,84373.44,84338.38,84419.09475999999,49.88050352757845,54.800462072898156
2026-09-23T22:50:30-04:00,84341.27,84359.73,84341.18,84358.43,84373.44,84335.04,84419.09475999999,53.25897246966679,53.31989984248118
2026-09-23T22:50:45-04:00,84353.72,84353.74,84353.03,84353.04,84373.44,84335.04,84419.09475999999,55.72632893946877,52.828056652433496
2026-09-23T22:51:00-04:00,84352.63,84362.19,84352.62,84362.19,84373.44,84335.04,84419.09475999999,56.20587288978416,54.161871354906914
2026-09-23T22:51:15-04:00,84362.18,84362.18,84357.71,84357.77,84373.44,84335.04,84419.09475999999,56.89545346881394,54.91944217985485
2026-09-23T22:51:30-04:00,84357.66,84357.68,84357.66,84357.67,84373.44,84335.04,84419.09475999999,55.67135450166938,54.37828713170621
2026-09-23T22:51:45-04:00,84357.68,84357.68,84352.18,84352.18,84373.44,84335.04,84419.09475999999,54.086837804235074,54.68609104006991
2026-09-23T22:52:00-04:00,84342.57,84342.58,84341.19,84341.19,84373.44,84335.04,84419.09475999999,49.70323693018632,54.32763953245131
2026-09-23T22:52:15-04:00,84341.19,84341.19,84331.13,84331.13,84373.44,84335.04,84419.09475999999,44.627915349894934,52.22007472013508
2026-09-23T22:52:30-04:00,84331.06,84356.51,84331.06,84351.49,84373.44,84335.04,84419.09475999999,47.36147683898546,51.93768178945607
2026-09-23T22:52:45-04:00,84351.48,84351.48,84347.2,84347.2,84373.44,84335.04,84419.09475999999,51.35519814496467,50.83416765018666
2026-09-23T22:53:00-04:00,84341.92,84341.94,84337.15,84337.19,84373.44,84335.04,84419.09475999999,48.18476439476982,49.44891348258633
2026-09-23T22:53:15-04:00,84345.62,84345.63,84341.89,84342.82,84373.44,84335.04,84419.09475999999,47.3489056821346,48.45632513031959
2026-09-23T22:53:30-04:00,84342.83,84342.83,84341.8,84341.81,84373.44,84335.04,84419.09475999999,48.462978754351504,47.842096611191025
2026-09-23T22:53:45-04:00,84338.11,84341.81,84338.11,84341.8,84373.44,84331.06,84419.09475999999,48.22818445608516,48.03488156629068
2026-09-23T22:54:00-04:00,84341.81,84365.28,84341.8,84365.27,84373.44,84331.06,84419.09475999999,53.52093086676845,50.38295818744059
2026-09-23T22:54:15-04:00,84365.28,84365.28,84363.5,84363.51,84373.44,84331.06,84419.09475999999,58.338234507282166,51.17109804294689
2026-09-23T22:54:30-04:00,84363.5,84367.67,84363.5,84367.51,84373.44,84331.06,84419.09475999999,58.6663126989569,52.47184806000981
2026-09-23T22:54:45-04:00,84367.5,84367.51,84364.7,84364.72,84373.44,84331.06,84419.09475999999,58.64172742680495,54.1588017663855
2026-09-23T22:55:00-04:00,84369.74,84369.75,84369.74,84369.74,84373.44,84331.06,84419.09475999999,58.89421450628912,55.770507724053964
2026-09-23T22:55:15-04:00,84369.75,84369.75,84353.5,84353.51,84373.44,84331.06,84419.09475999999,55.42938024542566,56.14920219240668
2026-09-23T22:55:30-04:00,84351.19,84351.2,84351.02,84351.19,84373.44,84331.06,84419.09475999999,50.30111691416924,56.36277414064942
2026-09-23T22:55:45-04:00,84351.2,84351.21,84351.19,84351.21,84373.44,84331.06,84419.09475999999,49.726057888219415,55.06495276996411
2026-09-23T22:56:00-04:00,84351.2,84368.65,84351.2,84363.49,84373.44,84331.06,84419.09475999999,52.8183249925107,54.785657136429
2026-09-23T22:56:15-04:00,84363.1,84363.27,84363.1,84363.1,84373.44,84331.06,84419.09475999999,55.788341793650154,54.242675368447905
2026-09-23T22:56:30-04:00,84363.11,84363.11,84359.9,84359.91,84369.75,84331.06,84419.09475999999,54.682200126417925,53.65436362203271
2026-09-23T22:56:45-04:00,84359.9,84359.9,84357.09,84357.09,84369.75,84351.02,84419.09475999999,52.814430729936475,52.50559428949
2026-09-23T22:57:00-04:00,84356.89,84356.9,84356.89,84356.9,84369.75,84351.02,84419.09475999999,51.874361400617396,52.63864395208749
2026-09-23T22:57:15-04:00,84367.74,84368.65,84367.74,84368.65,84369.75,84351.02,84419.09475999999,55.095994624085776,53.87555934946615
2026-09-23T22:57:30-04:00,84368.64,84368.65,84368.64,84368.65,84369.75,84351.02,84419.09475999999,58.37914240717111,55.11095381464512
2026-09-23T22:57:45-04:00,84368.64,84368.65,84357.2,84357.2,84369.75,84351.02,84419.09475999999,54.4837848544158,54.351405024296184
2026-09-23T22:58:00-04:00,84357.21,84360.99,84357.2,84360.99,84369.75,84351.02,84419.09475999999,51.7103254379563,53.945806284446874
2026-09-23T22:58:15-04:00,84360.98,84360.99,84360.98,84360.99,84369.75,84351.02,84419.09475999999,52.8322235742521,53.82284029510595
2026-09-23T22:58:30-04:00,84361,84361,84360.99,84360.99,84369.75,84351.02,84419.09475999999,52.8322235742521,53.950889954251345
2026-09-23T22:58:45-04:00,84361,84364.12,84360.99,84364.11,84369.75,84351.02,84419.09475999999,53.88423752340242,54.397090615901675
2026-09-23T22:59:00-04:00,84364.12,84368,84364.11,84368,84368.65,84351.02,84419.09475999999,56.209521534124235,54.26904049997661
2026-09-23T22:59:15-04:00,84368,84368,84367.99,84368,84368.65,84351.02,84419.09475999999,57.482791595695716,54.14099038405156
2026-09-23T22:59:30-04:00,84367.99,84368,84360.02,84360.03,84368.65,84351.02,84419.09475999999,54.08035481509782,54.15377477445719
2026-09-23T22:59:45-04:00,84360.02,84363.26,84360.02,84363.26,84368.65,84351.02,84419.09475999999,51.88947644711591,54.1921763866686
2026-09-23T23:00:00-04:00,84363.25,84363.26,84363.25,84363.25,84368.65,84351.02,84419.09475999999,53.096686585049454,54.22933563468501
2026-09-23T23:00:15-04:00,84363.26,84376.08,84363.25,84376.08,84368.65,84351.02,84419.09475999999,57.42024387909834,55.50303933091038
2026-09-23T23:00:30-04:00,84382.02,84386.23,84382.01,84382.02,84368.65,84351.02,84419.09475999999,63.3595612408456,56.936570982525915
2026-09-23T23:00:45-04:00,84382.02,84382.33,84382.01,84382.33,84368.65,84351.02,84419.09475999999,65.05351797245424,58.02989545614753
2026-09-23T23:01:00-04:00,84382.32,84398.08,84382.32,84398.08,84368.65,84360.02,84419.09475999999,68.70967655426229,60.14425239925923
2026-09-23T23:01:15-04:00,84398.07,84403.21,84398.07,84403.21,84368.65,84360.02,84419.09475999999,73.21297655040995,63.496358809093856
2026-09-23T23:01:30-04:00,84403.2,84407.13,84403.2,84407.12,84368.65,84360.02,84419.09475999999,74.81741430010683,66.69509178582805
2026-09-23T23:01:45-04:00,84407.13,84410.79,84407.13,84410.78,84368.65,84360.02,84419.09475999999,76.10463724028182,70.0700589963031
2026-09-23T23:02:00-04:00,84410.79,84427.11,84410.74,84427.11,84368.65,84360.02,,78.97150338624002,72.85259450215425
2026-09-23T23:02:15-04:00,84427.12,84434.39,84427.12,84432.56,84368.65,84360.02,,81.83673484788093,75.34925145545604
2026-09-23T23:02:30-04:00,84432.57,84437.26,84432.57,84437.26,84368.65,84360.02,,82.94772786655972,77.96522590047012
2026-09-23T23:02:45-04:00,84437.25,84437.26,84433.39,84433.39,84368.65,84360.02,,81.44077567341596,78.9867083466428
2026-09-23T23:03:00-04:00,84433.4,84450.68,84433.4,84450.68,84368.65,84360.02,,81.36636905475945,80.29476661599854
2026-09-23T23:03:15-04:00,84450.68,84470.58,84450.68,84470.58,84368.65,84360.02,,84.87683648878092,81.86082897197828
2026-09-23T23:03:30-04:00,84470,84477.13,84468.28,84468.28,84368.65,84360.02,,85.46136228610638,82.96811662909127
2026-09-23T23:03:45-04:00,84468.29,84468.78,84466.86,84468.78,84368.65,84360.02,,84.50967390484811,83.44316340586629
2026-09-23T23:04:00-04:00,84468.82,84468.83,84431.77,84431.82,84368.65,84360.02,,71.9233322240373,80.13571587942167
2026-09-23T23:04:15-04:00,84431.81,84456.8,84431.81,84439.7,84368.65,84360.02,,60.60168367302094,77.0585793505695
2026-09-23T23:04:30-04:00,84445.64,84447.49,84444.29,84444.29,84368.65,84360.02,,62.645059795358186,74.76551134283373
2026-09-23T23:04:45-04:00,84444.3,84451.7,84444.3,84446.92,84477.13,84360.02,,63.8092431200172,72.04225765492887
2026-09-23T23:05:00-04:00,84445.76,84446.15,84445.76,84445.95,84477.13,84360.02,,63.94146988157944,68.78397802649046
2026-09-23T23:05:15-04:00,84445.94,84445.95,84445.5,84445.51,84477.13,84431.77,,63.50458145231522,65.76889170241711
2026-09-23T23:05:30-04:00,84445.5,84445.5,84431.81,84431.82,84477.13,84431.77,,59.240258040095824,61.5641449222755
2026-09-23T23:05:45-04:00,84438.55,84438.55,84431.81,84431.81,84477.13,84431.77,,55.115177419271475,60.96656175819832
2026-09-23T23:06:00-04:00,84431.81,84432.07,84431.81,84431.87,84477.13,84431.77,,55.12718940799947,60.00000370369795
2026-09-23T23:06:15-04:00,84431.88,84431.88,84421.81,84421.82,84477.13,84431.77,,52.20532861206881,57.98378142011563
2026-09-23T23:06:30-04:00,84421.81,84421.82,84421.81,84421.82,84477.13,84431.77,,49.26863528145989,55.845544321253
2026-09-23T23:06:45-04:00,84421.81,84421.82,84393.71,84393.71,84477.13,84431.77,,42.94275103377208,51.98414746359924
2026-09-23T23:07:00-04:00,84389.49,84389.5,84385.27,84385.27,84477.13,84431.77,,35.213223445152245,47.762299176349295
2026-09-23T23:07:15-04:00,84385.28,84385.28,84385.27,84385.28,84477.13,84431.77,,33.812817311286324,44.71916439822511
2026-09-23T23:07:30-04:00,84385.27,84385.28,84383,84383.01,84477.13,84431.77,,33.42119174910755,41.56401755630245
2026-09-23T23:07:45-04:00,84383,84383.01,84370.55,84370.55,84477.13,84431.77,,31.023241835932293,37.832322234777344
2026-09-23T23:08:00-04:00,84368.78,84368.79,84368.78,84368.78,84477.13,84431.77,,28.75579587293384,34.86415105940675
2026-09-23T23:08:15-04:00,84364.57,84364.57,84351.09,84351.09,84477.13,84431.77,,26.155922738810947,31.228690079734783
2026-09-23T23:08:30-04:00,84351.1,84351.1,84342.82,84342.83,84477.13,84431.77,,22.91331781793313,29.14145585488134
2026-09-23T23:08:45-04:00,84342.82,84342.82,84331.78,84331.78,84477.13,84431.77,,20.918301312853888,27.14442661336383
2026-09-23T23:09:00-04:00,84331.79,84331.79,84327.56,84327.56,84477.13,84431.77,,19.442931669478188,25.035774242936156
2026-09-23T23:09:15-04:00,84327.57,84327.57,84321.21,84321.21,84477.13,84431.77,,18.488101415950023,22.87782937531883
2026-09-23T23:09:30-04:00,84321.22,84321.22,84321.21,84321.21,84477.13,84431.77,,17.920714906541317,21.29219512025303
2026-09-23T23:09:45-04:00,84321.22,84359.28,84321.21,84359.28,84477.13,84431.77,,29.937878056888707,23.215567142163078
2026-09-23T23:10:00-04:00,84355.05,84355.06,84344.74,84344.74,84477.13,84431.77,,39.70012289714411,25.161966594062505
2026-09-23T23:10:15-04:00,84344.75,84344.75,84344.65,84344.65,84477.13,84431.77,,37.431798730189485,27.36370454566489
2026-09-23T23:10:30-04:00,84344.66,84344.66,84330.43,84330.44,84477.13,84431.77,,35.3877939724777,29.296107353955023
2026-09-23T23:10:45-04:00,84330.43,84330.43,84320.7,84320.7,84477.13,84431.77,,32.120086675189384,30.98574883301095
2026-09-23T23:11:00-04:00,84320.71,84320.71,84320.7,84320.71,84359.28,84431.77,,30.885812236407457,32.83831044551429
2026-09-23T23:11:15-04:00,84320.7,84320.7,84292.13,84292.13,84359.28,84431.77,,27.776128053004758,33.801581160571935
2026-09-23T23:11:30-04:00,84292.12,84292.12,84269.34,84285.7,84359.28,84431.77,,24.089495473262257,31.16734399304959
2026-09-23T23:11:45-04:00,84285.69,84285.7,84270.21,84270.22,84359.28,84431.77,,22.249047380811977,28.815559584477032
2026-09-23T23:12:00-04:00,84270.21,84270.22,84250.65,84250.65,84359.28,84431.77,,19.641067438977746,26.084277909846232
2026-09-23T23:12:15-04:00,84250,84265.54,84250,84264.95,84359.28,84431.77,,22.034409540910797,25.00030688974363
2026-09-23T23:12:30-04:00,84264.94,84264.95,84260.73,84260.73,84359.28,84431.77,,25.40557511171301,24.165846034567267
2026-09-23T23:12:45-04:00,84260.74,84260.74,84254.3,84254.3,84359.28,84431.77,,24.48730114453848,23.17216086349535
2026-09-23T23:13:00-04:00,84254.29,84276.37,84254.29,84272.52,84359.28,84431.77,,28.460494625814977,24.36137934108447
2026-09-23T23:13:15-04:00,84285.55,84299.16,84285.55,84299.15,84359.28,84431.77,,38.2755893456032,27.225330541307045
2026-09-23T23:13:30-04:00,84294.93,84294.94,84278.16,84278.16,84359.28,84250,,40.99001505554307,29.715941533864775
2026-09-23T23:13:45-04:00,84278.17,84278.17,84265.87,84265.88,84359.28,84250,,37.08640434342795,32.2097125140071
2026-09-23T23:14:00-04:00,84265.35,84265.87,84265.34,84265.86,84359.28,84250,,35.75364616112425,33.63572342535433
2026-09-23T23:14:15-04:00,84265.87,84283.81,84265.87,84283.81,84359.28,84250,,39.12706786398011,36.13013901465484
2026-09-23T23:14:30-04:00,84283.8,84306.84,84283.8,84306.84,84359.28,84250,,46.147447560725,39.82433668712191
2026-09-23T23:14:45-04:00,84310.27,84331.38,84307.97,84331.38,84359.28,84250,,52.98061997006708,43.13588911301258
2026-09-23T23:15:00-04:00,84341.3,84360.47,84341.3,84355.28,84359.28,84250,84275.22042,58.7452018155881,45.672797392831875
2026-09-23T23:15:15-04:00,84348.52,84351.87,84337.27,84337.27,84359.28,84250,84275.22042,58.65122630770031,48.18194947077179
2026-09-23T23:15:30-04:00,84337.26,84341.14,84321.3,84340.32,84359.28,84250,84275.22042,56.32516250293789,51.169585438406145
2026-09-23T23:15:45-04:00,84333.86,84333.87,84310.91,84310.91,84359.28,84250,84275.22042,52.71156722154818,53.02706977375006
2026-09-23T23:16:00-04:00,84310.92,84310.92,84299.16,84299.16,84359.28,84250,84275.22042,47.37193324764264,53.52526126230973
2026-09-23T23:16:15-04:00,84299.16,84299.17,84289.16,84289.17,84360.47,84250,84275.22042,44.85531469756424,52.65788895570414
2026-09-23T23:16:30-04:00,84289.16,84289.17,84288.3,84288.3,84360.47,84250,84275.22042,43.61992689718447,50.85077752720041
2026-09-23T23:16:45-04:00,84287.5,84287.51,84272.64,84274.31,84360.47,84250,,41.911627908996685,47.84829641096373
2026-09-23T23:17:00-04:00,84274.3,84274.31,84273.82,84274.25,84360.47,84250,,40.29715549617353,45.60675729533562
2026-09-23T23:17:15-04:00,84274.26,84274.26,84274.25,84274.26,84360.47,84250,,40.29210916747509,43.26742402940293
2026-09-23T23:17:30-04:00,84274.25,84274.26,84274.25,84274.26,84360.47,84250,,40.29393692381916,42.0588629245559
2026-09-23T23:17:45-04:00,84274.26,84274.26,84267.64,84267.64,84360.47,84250,,39.38947105774603,40.98672054657533
2026-09-23T23:18:00-04:00,84267.65,84267.65,84266.62,84266.62,84360.47,84250,,38.342723919296965,40.19812270219382
2026-09-23T23:18:15-04:00,84266.63,84266.63,84266.62,84266.63,84360.47,84250,,38.2028547294567,39.43898564151026
2026-09-23T23:18:30-04:00,84261.65,84261.66,84252.3,84252.3,84360.47,84250,,36.15144914287697,38.55235734044533
2026-09-23T23:18:45-04:00,84252.31,84252.31,84252.3,84252.31,84360.47,84250,,34.10029368845268,37.66845369644716
2026-09-23T23:19:00-04:00,84252.3,84267,84252.3,84266.99,84360.47,84250,,37.834724783015425,37.850247516314006
2026-09-23T23:19:15-04:00,84267,84267,84261,84261,84360.47,84250,,40.58115925376087,37.75051721928765
2026-09-23T23:19:30-04:00,84256.77,84256.78,84254.06,84254.06,84360.47,84250,,38.490098442960935,37.593283912089696
2026-09-23T23:19:45-04:00,84254.07,84254.07,84248.09,84248.09,84360.47,84250,,36.46481333881522,37.21397133915001
2026-09-23T23:20:00-04:00,84248.08,84248.08,84230.07,84230.07,84360.47,84250,,33.09500338040479,36.13389781236058
2026-09-23T23:20:15-04:00,84230.08,84230.08,84214.25,84214.25,84360.47,84250,,28.877858725692544,35.13580264852589
2026-09-23T23:20:30-04:00,84214.26,84214.26,84214.25,84214.25,84360.47,84250,,27.11096532691877,34.13694685192231
2026-09-23T23:20:45-04:00,84214.26,84214.26,84214.25,84214.26,84360.47,84250,,27.114045978684782,32.07275156157427
2026-09-23T23:21:00-04:00,84214.25,84214.26,84210.03,84210.03,84360.47,84250,,26.61439077675779,30.146441572778574
2026-09-23T23:21:15-04:00,84202.85,84202.85,84202.84,84202.85,84360.47,84250,,25.28291552450369,28.299270727729347
2026-09-23T23:21:30-04:00,84202.84,84202.85,84197.16,84197.17,84360.47,84250,,23.82688033893964,26.53560357281412
2026-09-23T23:21:45-04:00,84197.16,84197.17,84192.96,84192.96,84360.47,84250,,22.74324556789352,25.341625638440412
2026-09-23T23:22:00-04:00,84189.56,84189.57,84189.56,84189.57,84360.47,84250,,21.919293641282334,24.54744212012549
2026-09-23T23:22:15-04:00,84189.56,84189.57,84180.94,84180.94,84360.47,84250,,20.657931562231195,23.497901705672536
2026-09-23T23:22:30-04:00,84180.93,84180.94,84180.93,84180.93,84360.47,84250,,19.763159739806202,22.44718890901733
2026-09-23T23:22:45-04:00,84180.94,84180.94,84172.77,84172.78,84360.47,84250,,18.93936027897865,21.30503584916421
2026-09-23T23:23:00-04:00,84172.77,84172.77,84151.51,84151.51,84360.47,84250,,16.39870262042764,19.908842364995596
2026-09-23T23:23:15-04:00,84151.5,84151.51,84134.69,84134.69,84360.47,84250,,13.660143949731303,18.400254023676116
2026-09-23T23:23:30-04:00,84134.54,84134.54,84084.69,84110.34,84360.47,84250,,11.513536077433042,16.700353939149746
2026-09-23T23:23:45-04:00,84110.33,84110.33,84086.34,84086.34,84360.47,84250,,9.561617760991272,14.869489486450094
2026-09-23T23:24:00-04:00,84086.24,84089.69,84080.22,84089.69,84360.47,84250,,9.801042111018159,13.59838552451745
2026-09-23T23:24:15-04:00,84089.68,84109.69,84089.68,84105.73,84360.47,84250,,15.655321024575965,13.695821282098596
2026-09-23T23:24:30-04:00,84105.72,84105.73,84084.69,84084.69,84360.47,84250,,19.09704480382428,13.643438245901915
2026-09-23T23:24:45-04:00,84080.23,84080.23,84061.8,84061.8,84360.47,84250,,16.56285884362308,13.742723060154438
2026-09-23T23:25:00-04:00,84061.81,84061.81,84046.85,84046.85,84360.47,84250,,14.714754913216762,13.944755664040619
2026-09-23T23:25:15-04:00,84046.86,84061.8,84046.85,84061.79,84360.47,84250,,17.693575677816217,15.50844866026392
2026-09-23T23:25:30-04:00,84061.8,84070.63,84061.8,84068.18,84360.47,84250,,22.810398993688555,17.730121730525557
2026-09-23T23:25:45-04:00,84068.17,84068.18,84067.75,84067.76,84360.47,84250,,24.255150078920213,19.638193793950222
2026-09-23T23:26:00-04:00,84067.76,84067.77,84063.52,84063.52,84360.47,84250,,23.883691037677156,20.081084591411614
2026-09-23T23:26:15-04:00,84053.8,84053.81,84035.17,84043.99,84360.47,84250,,22.10820855472816,20.49852629420847
2026-09-23T23:26:30-04:00,84044.52,84071.01,84044.51,84071,84360.47,84250,,26.770950167596464,22.997682112546865
2026-09-23T23:26:45-04:00,84094.98,84095.06,84078.88,84080.18,84360.47,84250,,34.658326227881446,26.19668952696981
2026-09-23T23:27:00-04:00,84080.17,84080.17,84051.99,84052.58,84360.47,84250,,33.76546261779009,27.58964980968226
2026-09-23T23:27:15-04:00,84052.57,84052.58,84048.36,84048.37,84360.47,84250,,30.71739597350179,28.455831521202164
2026-09-23T23:27:30-04:00,84041.03,84041.04,84004.95,84004.95,84360.47,84250,,27.199016216694044,28.43075442047478
2026-09-23T23:27:45-04:00,84004.95,84028.8,84004.95,84028.79,84360.47,84250,,28.200830086692886,29.689299820920944
2026-09-23T23:28:00-04:00,84028.78,84029.37,84028.78,84029.37,84095.06,84250,,32.45088290799367,31.385804235693495
2026-09-23T23:28:15-04:00,84043.35,84043.36,84043.26,84043.26,84095.06,84250,,34.8622721896312,32.00110611293087
2026-09-23T23:28:30-04:00,84043.27,84043.67,84043.26,84043.27,84095.06,84250,,37.17869071761101,32.10590837561623
2026-09-23T23:28:45-04:00,84039.04,84039.04,84036.06,84036.07,84095.06,84250,,36.44375269616799,32.76633184961027
2026-09-23T23:29:00-04:00,84031.85,84053.71,84030.84,84053.71,84095.06,84004.95,,38.749804686958235,34.40088229374664
2026-09-23T23:29:15-04:00,84049.2,84049.2,84049.19,84049.2,84095.06,84004.95,,41.261730096289085,36.78425010092314
2026-09-23T23:29:30-04:00,84049.19,84049.3,84049.19,84049.29,84095.06,84004.95,,40.74716079945005,37.98554821167727
2026-09-23T23:29:45-04:00,84049.3,84064.61,84049.3,84061.68,84095.06,84004.95,,42.97958969367539,39.79245203968935
2026-09-23T23:30:00-04:00,84061.69,84061.69,84043.26,84043.26,84095.06,84004.95,,42.778216038981924,40.247246454348904
2026-09-23T23:30:15-04:00,84043.27,84045.41,84043.26,84045.4,84095.06,84004.95,,40.75445656063124,40.81409942340941
2026-09-23T23:30:30-04:00,84045.47,84047.44,84045,84045.2,84095.06,84004.95,,41.12101782041279,41.58360791841885
2026-09-23T23:30:45-04:00,84045.66,84045.66,84042.01,84042.01,84095.06,84004.95,,40.63558369820112,41.35289342662166
2026-09-23T23:31:00-04:00,84042.02,84042.02,84009.13,84009.14,84064.61,84004.95,,36.193016494786946,40.13540403227537
2026-09-23T23:31:15-04:00,84007.19,84025.14,84005.5,84025.14,84064.61,84004.95,,35.40089234902821,39.82538815507257
2026-09-23T23:31:30-04:00,84030.8,84045.23,84030.79,84045.23,84064.61,84004.95,,42.06165084562688,39.87313578997579
2026-09-23T23:31:45-04:00,84045.22,84045.23,84031.74,84031.74,84064.61,84004.95,,43.81087158394091,40.12043259648942
2026-09-23T23:32:00-04:00,84034.58,84034.58,84005.5,84005.51,84064.61,84004.95,,39.21797609006681,39.43414136981453
2026-09-23T23:32:15-04:00,84005.5,84005.52,84004.95,84004.95,84064.61,84004.95,,36.287423176210716,38.739405555288826
2026-09-23T23:32:30-04:00,84004.96,84004.96,84004.95,84004.96,84064.61,84004.95,,36.23247086687681,38.1761091322933
2026-09-23T23:32:45-04:00,84004.95,84004.96,83987.87,83987.88,84064.61,84004.95,,34.42877580053154,38.235336785501566
2026-09-23T23:33:00-04:00,83987.88,83987.88,83985.72,83985.72,84064.61,84004.95,,32.4047252920674,37.32006140173308
2026-09-23T23:33:15-04:00,83985.73,83985.73,83967.63,83967.63,84064.61,84004.95,,30.45200964974077,34.91829644381982
2026-09-23T23:33:30-04:00,83967.64,83971.24,83967.63,83971.23,84064.61,84004.95,,29.5222973005182,33.237611606469436
2026-09-23T23:33:45-04:00,83973.78,83979.95,83973.77,83979.94,84064.61,84004.95,,32.262059637802366,32.93089174317284
2026-09-23T23:34:00-04:00,83979.94,83999.95,83979.94,83999.95,84064.61,84004.95,,38.172737897939264,33.77627295553474
2026-09-23T23:34:15-04:00,83999.94,84008.85,83999.94,84006.17,84064.61,84004.95,,43.272747566492306,34.94239937163441
2026-09-23T23:34:30-04:00,84006.12,84006.16,84006.06,84006.06,84064.61,84004.95,,44.38085076752683,36.61972294610483
2026-09-23T23:34:45-04:00,84006.07,84006.07,84004.16,84004.17,84064.61,83967.63,,44.06485419458169,38.27386477235279
2026-09-23T23:35:00-04:00,84004.16,84007.72,84004.02,84004.02,84064.61,83967.63,,43.74005188162785,40.4163064409297
2026-09-23T23:35:15-04:00,84004.03,84004.03,84004.02,84004.02,84064.61,83967.63,,43.714822288755016,42.32887191184901
2026-09-23T23:35:30-04:00,84004.03,84021.02,84004.02,84021.01,84064.61,83967.63,,47.416505824708864,44.74614820861728
2026-09-23T23:35:45-04:00,84021.02,84025.2,84020.21,84020.21,84064.61,83967.63,,50.94884336378318,45.97918775923299
2026-09-23T23:36:00-04:00,84011.02,84011.02,84009.45,84009.46,84064.61,83967.63,,48.558092970284505,46.25624689541504
2026-09-23T23:36:15-04:00,84009.45,84010.22,84009.45,84010.22,84064.61,83967.63,,46.51423957905632,46.588727419669986
2026-09-23T23:36:30-04:00,84010.21,84010.22,84004.02,84006.21,84064.61,83967.63,,45.84578821729916,46.76508518762004
2026-09-23T23:36:45-04:00,84006.22,84006.22,83982.2,83985.47,84064.61,83967.63,,41.22107706981835,45.86902033058156
2026-09-23T23:37:00-04:00,83985.4,83986.21,83985.23,83986.21,84025.2,83967.63,,37.642920461392464,45.03025609408788
2026-09-23T23:37:15-04:00,83986.2,83986.2,83980.79,83981.06,84025.2,83967.63,,36.975883244850124,42.88598530776478
2026-09-23T23:37:30-04:00,83981.05,83981.06,83981.05,83981.06,84025.2,83967.63,,36.10829385640099,40.79009909197868
2026-09-23T23:37:45-04:00,83981.05,83981.06,83981.05,83981.06,84025.2,83967.63,,36.10829385640099,39.3288998466552
2026-09-23T23:38:00-04:00,83981.05,83981.05,83897.05,83897.05,84025.2,83967.63,83922.28207813189,27.388405978613463,35.32557520613786
2026-09-23T23:38:15-04:00,83890.01,83890.01,83887.09,83887.1,84025.2,83967.63,83911.88150112247,18.126856677331975,31.409205120950297
2026-09-23T23:38:30-04:00,83909.24,83935.01,83909.24,83932.02,84025.2,83967.63,,26.652799415842207,31.163210162144686
2026-09-23T23:38:45-04:00,83930.76,83955.43,83930.76,83955.43,84025.2,83967.63,,39.25332595248641,31.869320975548565
2026-09-23T23:39:00-04:00,83955.78,83966.87,83944.92,83944.92,84025.2,83967.63,,41.706649898299055,32.514857777415806
2026-09-23T23:39:15-04:00,83944.96,83945.61,83933.46,83934.92,84025.2,83967.63,,39.62829517855556,32.8750356390213
2026-09-23T23:39:30-04:00,83934.93,83934.93,83934.92,83934.93,84025.2,83887.09,,38.63116355815196,33.2356776922018
2026-09-23T23:39:45-04:00,83934.92,83949.34,83919.16,83949.34,84025.2,83887.09,,40.9624756658131,36.75334126393549
2026-09-23T23:40:00-04:00,83955.79,83974.87,83955.79,83974.87,84025.2,83887.09,,46.87990898020772,41.45083549302344
2026-09-23T23:40:15-04:00,83975.79,83975.79,83971.38,83971.39,84025.2,83887.09,,50.007491591671226,43.426110457029495
2026-09-23T23:40:30-04:00,83960.17,83960.18,83957.6,83959.86,84025.2,83887.09,,48.033848236645234,43.95955614564025
2026-09-23T23:40:45-04:00,83959.87,83975.79,83959.87,83975.78,84025.2,83887.09,,48.74717021669531,45.43768769085699
2026-09-23T23:41:00-04:00,83975.79,83987,83975.79,83986.99,84025.2,83887.09,,52.43001050941541,47.617189097314494
2026-09-23T23:41:15-04:00,83986.99,83987,83986.99,83987,84025.2,83887.09,,53.88736435959146,49.796602205553995
2026-09-23T23:41:30-04:00,83999.99,84005.02,83999.99,84004.27,84025.2,83887.09,,56.100662642922785,51.94238537648869
2026-09-23T23:41:45-04:00,84004.26,84004.27,84004.26,84004.27,84025.2,83887.09,,58.31264529950458,53.06309829678167
2026-09-23T23:42:00-04:00,84004.26,84004.27,83961.12,83961.12,84025.2,83887.09,,51.970150181400655,52.503144973554235
2026-09-23T23:42:15-04:00,83961.05,83978.61,83961.05,83978.61,84025.2,83887.09,,47.98526852021167,53.04921837780065
2026-09-23T23:42:30-04:00,83978.6,83978.6,83959.24,83974.69,84025.2,83887.09,,49.8268021963846,52.811611253465465
2026-09-23T23:42:45-04:00,83975.99,83994.99,83975.99,83992.89,84005.02,83887.09,,51.6672969133389,52.83130020749308
2026-09-23T23:43:00-04:00,83992.88,84012.3,83990.78,84012.3,84005.02,83887.09,,56.241918465636786,53.484340998049845
2026-09-23T23:43:15-04:00,84012.28,84029.42,84012.27,84029.41,84005.02,83887.09,,60.202784765510216,54.00333509966092
2026-09-23T23:43:30-04:00,84029.42,84031.77,84016.41,84029.52,84005.02,83887.09,,61.95665154750658,54.52548564033613
2026-09-23T23:43:45-04:00,84029.53,84029.53,84016.42,84016.43,84005.02,83959.24,,59.82190412482929,56.24669336921195
2026-09-23T23:44:00-04:00,84016.42,84016.43,83997.2,83997.21,84005.02,83959.24,,54.82977259636216,56.481058233521985
2026-09-23T23:44:15-04:00,83997.2,83997.21,83994.44,83994.44,84005.02,83959.24,,51.59127555117255,56.75082861343708
2026-09-23T23:44:30-04:00,83994.8,84008.84,83994.79,84008.84,84005.02,83959.24,,53.09965451771427,56.89030326334351
2026-09-23T23:44:45-04:00,84008.83,84016.56,84008.83,84016.55,84031.77,83959.24,,55.96726186427009,56.67235529876088
2026-09-23T23:45:00-04:00,84014.05,84014.54,84008.21,84008.21,84031.77,83959.24,,55.576957789598865,55.56863841308312
2026-09-23T23:45:15-04:00,84012.42,84028.84,84012.42,84028.83,84031.77,83959.24,,56.79830311818554,55.19854146181201
2026-09-23T23:45:30-04:00,84027.3,84027.3,84014.15,84014.16,84031.77,83959.24,,57.01810014183486,54.767551560799006
2026-09-23T23:45:45-04:00,84014.15,84014.16,84008.4,84008.41,84031.77,83959.24,,53.77232282996413,54.89641295712686
2026-09-23T23:46:00-04:00,84008.4,84012.05,84008.4,84012.04,84031.77,83959.24,,53.393966606759435,55.282606148109544
2026-09-23T23:46:15-04:00,84012.03,84012.05,84012.03,84012.05,84031.77,83959.24,,53.90394333822477,55.12620976298701
2026-09-23T23:46:30-04:00,84012.04,84012.05,84012.04,84012.05,84028.84,83959.24,,53.90541926452251,54.69350826246738
2026-09-23T23:46:45-04:00,84012.04,84012.05,83998.4,83998.41,84028.84,83959.24,,51.42629486949722,53.9403060715294
2026-09-23T23:47:00-04:00,83987.89,83987.9,83979.94,83979.97,84028.84,83959.24,,46.05686024168399,51.62452458346694
2026-09-23T23:47:15-04:00,83979.99,83979.99,83957.52,83964.04,84028.84,83959.24,84041.94799,41.02991215563925,49.372252361187805
2026-09-23T23:47:30-04:00,83971.31,83974.98,83971.3,83973.96,84028.84,83959.24,84041.94799,40.79539310033296,47.91683037500089
2026-09-23T23:47:45-04:00,83973.97,83973.97,83973.96,83973.97,84028.84,83959.24,84041.94799,42.69944816760242,46.3166756642858
2026-09-23T23:48:00-04:00,83973.96,83973.97,83956.74,83960.05,84028.84,83959.24,84041.94799,40.73734981701338,44.15494651179764
2026-09-23T23:48:15-04:00,83960.04,83973.92,83960.04,83964.7,84028.84,83959.24,84041.94799,39.75394915423715,42.273398489918556
2026-09-23T23:48:30-04:00,83962.28,83962.29,83951.04,83951.05,84028.84,83959.24,84041.94799,38.861737859032246,40.56507308023622
2026-09-23T23:48:45-04:00,83950.01,83968.64,83950,83964.75,84028.84,83959.24,84041.94799,39.83713326084384,40.49633363824994
2026-09-23T23:49:00-04:00,83964.76,83968.32,83964.03,83964.04,84028.84,83959.24,84041.94799,42.578228063343516,41.007449053866004
2026-09-23T23:49:15-04:00,83964.46,83973.26,83964.46,83970.64,84028.84,83959.24,84041.94799,43.84752182180544,41.36837041581351
2026-09-23T23:49:30-04:00,83970.65,83970.65,83950,83950,84028.84,83959.24,84041.94799,42.08563042485084,40.83207255593698
2026-09-23T23:49:45-04:00,83950.01,83959.94,83950,83954.51,84028.84,83959.24,84041.94799,39.91274843459986,41.13277002083822
2026-09-23T23:50:00-04:00,83954.49,83954.49,83943.75,83943.76,84028.84,83959.24,83967.31811503744,39.343463320393056,40.71479088912439
2026-09-23T23:50:15-04:00,83943.75,83949.66,83943.75,83945.45,84028.84,83959.24,83967.31811503744,38.19907323287859,40.9434372705086
2026-09-23T23:50:30-04:00,83945.44,83945.44,83943.75,83943.75,84028.84,83959.24,83965.03835939454,38.330555913748796,40.284340218525806
2026-09-23T23:50:45-04:00,83943.76,83943.76,83943.75,83943.75,84028.84,83959.24,83963.51911943778,38.07169455111253,39.65585626701404
2026-09-23T23:51:00-04:00,83943.75,83943.75,83915.26,83918.23,84028.84,83959.24,83940.45353947794,34.467268972477726,37.60426797586074
2026-09-23T23:51:15-04:00,83918.24,83928.67,83909.83,83909.84,84028.84,83959.24,83933.0330009438,29.893326619913477,36.17234089417479
2026-09-23T23:51:30-04:00,83909.83,83912.25,83909.83,83912.24,84028.84,83959.24,83933.0330009438,29.598574346316273,34.657361093494
2026-09-23T23:51:45-04:00,83912.25,83912.25,83912.24,83912.24,84028.84,83959.24,83932.54437326278,30.27333884664851,33.5808767588192
2026-09-23T23:52:00-04:00,83912.25,83928.72,83912.24,83924.51,84028.84,83959.24,83932.54437326278,33.80109405946955,33.400795615377135
2026-09-23T23:52:15-04:00,83924.52,83924.52,83904.1,83904.1,84028.84,83959.24,83926.45544429291,34.464802160681984,32.4763756865144
2026-09-23T23:52:30-04:00,83904.11,83904.11,83894.1,83894.11,84028.84,83959.24,83916.2271268434,30.418366165635728,31.214130362383766
2026-09-23T23:52:45-04:00,83889.91,83889.91,83883.92,83883.92,84028.84,83959.24,83905.8402606403,28.12561360309491,30.664474152405027
2026-09-23T23:53:00-04:00,83883.91,83914.96,83883.91,83905.76,84028.84,83959.24,,32.45883953494416,31.947134052392535
2026-09-23T23:53:15-04:00,83912.75,83930.99,83911.57,83923.48,84028.84,83959.24,,41.48268764064489,34.059935093641776
2026-09-23T23:53:30-04:00,83931.83,83931.83,83930.9,83931.71,84028.84,83959.24,,46.56081411872937,36.60069841584421
2026-09-23T23:53:45-04:00,83931.72,83931.72,83927.51,83927.52,84028.84,83959.24,,47.36111685818328,37.9342273218457
2026-09-23T23:54:00-04:00,83927.51,83927.52,83921.36,83921.37,84028.84,83959.24,,45.639900841783074,39.79358375330167
2026-09-23T23:54:15-04:00,83921.36,83921.37,83921.36,83921.37,84028.84,83883.91,,44.61625006926513,41.99076558002553
2026-09-23T23:54:30-04:00,83921.36,83921.37,83918.16,83918.17,84028.84,83883.91,,44.04085964533194,44.34079690822653
2026-09-23T23:54:45-04:00,83918.18,83918.18,83918.17,83918.17,83931.83,83883.91,,43.46546922139875,45.13551691901256
2026-09-23T23:55:00-04:00,83918.18,83918.18,83909.77,83909.77,,,,41.883190085377336,44.45522617815009