time,open,high,low,close,Fast,Slow,Predicted cross price
2026-09-25T23:45:00-04:00,83953.4,83962.6,83936.8,83939.4,47.04213421285543,49.45289058234579,
2026-09-26T00:00:00-04:00,83939.4,84016.3,83939.3,83980.1,47.99617856800516,49.102497188317734,
2026-09-26T00:15:00-04:00,83980.1,84042.3,83891.4,83894.1,46.79026989945361,48.1287302149772,
2026-09-26T00:30:00-04:00,83894.1,83980.3,83844.7,83980.3,47.038452880927736,47.98764547135128,
2026-09-26T00:45:00-04:00,83980.3,83990,83972.7,83980.9,49.873012063855185,48.436650769896325,
2026-09-26T01:00:00-04:00,83980.9,84009,83938.1,83966.3,49.40723194342301,48.04761766384466,
2026-09-26T01:15:00-04:00,83966.3,83991.9,83901.5,83928.7,47.671625597824644,47.90064095511099,83984.65042922579
2026-09-26T01:30:00-04:00,83928.7,83964.1,83893.5,83964.1,47.74128230177416,48.24737426067859,83929.81906757125
2026-09-26T01:45:00-04:00,83964.1,83987.7,83909,83924.6,47.69003852105973,47.81317237026944,83992.3224882073
2026-09-26T02:00:00-04:00,83924.6,83937.1,83893.7,83895.4,45.331212738927206,47.83050078624247,83995.36455472738
2026-09-26T02:15:00-04:00,83895.4,83938,83878,83937.9,46.08679187525557,47.541269225791666,83915.63904293915
2026-09-26T02:30:00-04:00,83937.9,83976.2,83869,83914.9,46.98736183224345,47.00602929149625,83929.89382637518
2026-09-26T02:45:00-04:00,83914.9,83940.4,83889.2,83896.2,45.45522654282031,46.41212482561947,83940.90787365564
2026-09-26T03:00:00-04:00,83896.2,84021.4,83896.2,84011.9,49.354301512322124,47.48679383849554,
2026-09-26T03:15:00-04:00,84011.9,84019.8,83991.1,84012.4,53.96123788569338,48.189254992453534,
2026-09-26T03:30:00-04:00,84012.4,84071.8,84012.3,84041,55.024582194205074,49.58237774510849,
2026-09-26T03:45:00-04:00,84041,84137.5,84040.9,84118.9,58.65338160521301,51.99558895424948,
2026-09-26T04:00:00-04:00,84118.9,84119,84048.6,84075.1,59.20116760611735,53.32934223964042,
2026-09-26T04:15:00-04:00,84075.1,84102.3,84028.9,84102.3,58.07736123235773,55.164160211424985,
2026-09-26T04:30:00-04:00,84102.3,84338.6,84102.2,84292.2,63.96057490373691,58.61658462847374,
2026-09-26T04:45:00-04:00,84292.2,84292.2,84207.7,84207.7,65.34460275468545,59.732817709243086,
2026-09-26T05:00:00-04:00,84207.7,84210.6,83968.9,84010.1,55.34393360983347,59.011640549656626,
2026-09-26T05:15:00-04:00,84010.1,84035.8,83962.4,84029.3,49.47392402309298,58.14691537463962,
2026-09-26T05:30:00-04:00,84029.3,84046.7,83980.6,84019.2,49.71929506571665,56.4590443955148,
2026-09-26T05:45:00-04:00,84019.2,84028.8,83992.7,84017.5,49.36831891410582,55.3375300340649,
2026-09-26T06:00:00-04:00,84017.5,84119.9,84017.5,84111.4,52.192873800046385,54.777762271997275,
2026-09-26T06:15:00-04:00,84111.4,84183.9,84110.3,84139.2,55.85556545222286,53.02181304791803,
2026-09-26T06:30:00-04:00,84139.2,84160.3,84108,84146.5,56.85260207319591,52.35147636300026,
2026-09-26T06:45:00-04:00,84146.5,84174.5,84123.2,84174.4,57.89575896546319,53.750906006669375,
2026-09-26T07:00:00-04:00,84174.4,84185.6,84127.9,84169,58.49176729476229,54.92800301204864,
2026-09-26T07:15:00-04:00,84169,84200,84149,84165,58.071924580556285,56.13737158233784,
2026-09-26T07:30:00-04:00,84165,84193.4,84154.9,84169.4,58.044194190409826,57.40682451956407,
2026-09-26T07:45:00-04:00,84169.4,84185.3,84167.6,84169.9,58.22033584549082,57.85950359532198,
2026-09-26T08:00:00-04:00,84169.9,84183,84100.7,84134.6,56.35098245579982,57.54837223487177,
2026-09-26T08:15:00-04:00,84134.6,84191.4,84094,84095.6,52.51194237724327,56.619315110764084,
2026-09-26T08:30:00-04:00,84095.6,84125.5,84040,84043.2,48.18712987471194,54.77447820894285,
2026-09-26T08:45:00-04:00,84043.2,84066,84043.1,84049.7,46.14863651697496,53.09270631711056,
2026-09-26T09:00:00-04:00,84049.7,84118.6,83957.7,83997.4,44.23092893316502,50.81990802397392,
2026-09-26T09:15:00-04:00,83997.4,84023.1,83844.1,83928.7,39.44607159063563,47.778957002889356,
2026-09-26T09:30:00-04:00,83928.7,83932.9,83855.9,83926.1,36.824329869902634,44.706763459520154,
2026-09-26T09:45:00-04:00,83926.1,83979.8,83920.6,83945.8,37.94820062374043,42.52101933658668,
2026-09-26T10:00:00-04:00,83945.8,83970.8,83918.4,83952.2,39.565429894571025,41.00775989304237,
2026-09-26T10:15:00-04:00,83952.2,83983.2,83952.2,83983.2,41.90907080395066,40.72728817351203,
2026-09-26T10:30:00-04:00,83983.2,84022.6,83983.1,84011.4,45.52190041222181,40.82869243454146,
2026-09-26T10:45:00-04:00,84011.4,84044,83998.9,84019.5,47.671827740504234,41.710402118466085,
2026-09-26T11:00:00-04:00,84019.5,84037.6,84001.3,84020.1,48.18685566087474,43.32605931175264,
2026-09-26T11:15:00-04:00,84020.1,84058.1,84016.4,84058,50.53549254908856,45.627877169662064,
2026-09-26T11:30:00-04:00,84058,84192.1,84058,84128.2,56.41079487973032,48.60108624203547,
2026-09-26T11:45:00-04:00,84128.2,84154,84079.9,84153,61.06319182236141,51.770094863316466,
2026-09-26T12:00:00-04:00,84153,84153.1,84104.3,84126.3,60.3083127457135,53.858012511110566,
2026-09-26T12:15:00-04:00,84126.3,84141.7,84095.7,84109.6,57.341999218503055,55.14726595082539,
2026-09-26T12:30:00-04:00,84109.6,84158.4,84109.5,84148.5,58.14315137302728,56.84981926326001,
2026-09-26T12:45:00-04:00,84148.5,84159.6,84100.3,84113,57.67909427766482,57.85933412705113,
2026-09-26T13:00:00-04:00,84113,84124.8,84056.3,84087.5,53.68879556357083,57.750762981683515,
2026-09-26T13:15:00-04:00,84087.5,84087.5,84049,84061.4,50.52312527279673,56.17714281078439,
2026-09-26T13:30:00-04:00,84061.4,84100.2,84032.9,84100.2,51.19739412910148,54.9319636407521,
2026-09-26T13:45:00-04:00,84100.2,84133.6,84100.1,84133.4,55.17602375761511,54.710774528470566,
2026-09-26T14:00:00-04:00,84133.4,84160.2,84098.9,84098.9,54.7194867825782,54.182674373345,
2026-09-26T14:15:00-04:00,84098.9,84099,84056.9,84069,50.7570091067565,52.600448166678916,84141.14551553222
2026-09-26T14:30:00-04:00,84069,84073.1,83995.4,84011.8,46.01214903513125,50.849261446906844,84217.87675150466
2026-09-26T14:45:00-04:00,84011.8,84023.8,83986.6,84005.7,42.736078464789344,49.471100424169926,84179.172494683
2026-09-26T15:00:00-04:00,84005.7,84049,84005.6,84030.3,44.06447566854921,49.0039329885504,84082.27611053146
2026-09-26T15:15:00-04:00,84030.3,84040,84020,84035.9,46.06002178758949,48.0032797551665,84037.38994341194
2026-09-26T15:30:00-04:00,84035.9,84042.9,83979.4,84017.2,45.34435259233077,46.19488408418346,84031.85353550472
2026-09-26T15:45:00-04:00,84017.2,84027.3,83995.7,84016.9,44.24009338596437,45.00916735613398,84018.73745856117
2026-09-26T16:00:00-04:00,84016.9,84063.7,83992.8,84014.6,44.07571765734765,44.28594367006665,84022.59778033194
2026-09-26T16:15:00-04:00,84014.6,84089.9,84014.6,84087.4,49.09437707871476,45.88980394001498,
2026-09-26T16:30:00-04:00,84087.4,84095.1,83870.2,83897.5,45.007072591440064,44.93479913482399,
2026-09-26T16:45:00-04:00,83897.5,84051,83830.4,84033.3,42.436527551242065,45.42467590649865,83892.32301643555
2026-09-26T17:00:00-04:00,84033.3,84122.2,84032.1,84119.7,52.29205080592932,46.715378854349645,83756.51360655467
2026-09-26T17:15:00-04:00,84119.7,84213.8,84097.9,84208.2,58.1591126393422,49.08603591993049,83691.285165359
2026-09-26T17:30:00-04:00,84208.2,84277.7,84154.9,84171.1,59.277071130747665,51.01165821000201,83973.31575310338
2026-09-26T17:45:00-04:00,84171.1,84171.2,84112.3,84152.9,56.93334891157593,52.75964484970999,84035.40894865994
2026-09-26T18:00:00-04:00,84152.9,84427.2,84152.9,84349.6,61.35065658834809,54.513452355611534,83984.81316542056
2026-09-26T18:15:00-04:00,84349.6,84363.7,84251.6,84355.4,66.66095725722353,58.94646903993383,84148.2987437729
2026-09-26T18:30:00-04:00,84355.4,84355.4,84271.5,84276.1,63.48202233712709,60.5264508658644,84333.68753517629
2026-09-26T18:45:00-04:00,84276.1,84346.8,84272.6,84285.4,60.42403733489006,61.26989376249404,
2026-09-26T19:00:00-04:00,84285.4,84380.9,84285.4,84362.9,62.63054964702738,61.8040042966316,84301.70333924574
2026-09-26T19:15:00-04:00,84362.9,84444.1,84331.6,84380.6,65.01513117593286,62.90933948968982,84343.28152236265
2026-09-26T19:30:00-04:00,84380.6,84436,84353.2,84353.3,64.18774876582054,63.876689969272924,84375.33797550594
2026-09-26T19:45:00-04:00,84353.3,84485.4,84353.2,84440.4,65.08864191003774,63.97733529588686,84333.39050764007
2026-09-26T20:00:00-04:00,84440.4,84450.5,84322.5,84330.3,62.651316303564684,62.731078268227535,
2026-09-26T20:15:00-04:00,84330.3,84330.3,84259.5,84261.7,55.625946436033686,61.73274218128874,
2026-09-26T20:30:00-04:00,84261.7,84381.7,84261.6,84343.9,55.47664148802255,61.317536597693966,
2026-09-26T20:45:00-04:00,84343.9,84354.6,84299.8,84303.5,56.34322929525699,59.93636493792578,
2026-09-26T21:00:00-04:00,84303.5,84394.2,84280,84394.2,57.317804231658414,59.11830032790126,
2026-09-26T21:15:00-04:00,84394.2,84410.9,84336.4,84336.5,57.68667861409883,58.07891632314814,
2026-09-26T21:30:00-04:00,84336.5,84402.3,84306.5,84402.2,57.36375771581827,56.91119055812427,
2026-09-26T21:45:00-04:00,84402.2,84580,84402.2,84492.7,61.16013956378988,57.65286582606963,
2026-09-26T22:00:00-04:00,84492.7,84534.4,84453.2,84493.6,63.27375944774455,59.09627999004167,
2026-09-26T22:15:00-04:00,84493.6,84542.8,84465.8,84506.2,63.59174827190385,59.97146776432144,
2026-09-26T22:30:00-04:00,84506.2,84540.8,84473.1,84478.2,62.69520285169686,60.91112957759592,
2026-09-26T22:45:00-04:00,84478.2,84483.3,84443.9,84452.9,60.42123840159759,60.85816324144691,
2026-09-26T23:00:00-04:00,84452.9,84516.4,84452.8,84482.4,60.20003746260821,61.62923210574145,
2026-09-26T23:15:00-04:00,84482.4,84482.4,84367.6,84390.7,57.277698780680694,60.83357497426474,
2026-09-26T23:30:00-04:00,84390.7,84431.8,84390.7,84404.1,53.94149542692138,59.566762352350445,
2026-09-26T23:45:00-04:00,84404.1,84416.8,84363.9,84392.1,53.8937262100459,58.15356547777941,
2026-09-27T00:00:00-04:00,84392.1,84501.3,84388,84482.5,56.38497670968415,57.507684763144816,
2026-09-27T00:15:00-04:00,84482.5,84492.6,84420.9,84420.9,56.81869819839793,56.474564148265436,
2026-09-27T00:30:00-04:00,84420.9,84420.9,84308.1,84314,50.51555958204726,54.67749081470187,84634.73012344367
2026-09-27T00:45:00-04:00,84314,84353,84306.5,84336.3,47.56444333523238,52.86439439758663,84512.5550551651
2026-09-27T01:00:00-04:00,84336.3,84402.2,84322.9,84383.7,50.0328183483353,52.6075249768889,84405.09614138464
2026-09-27T01:15:00-04:00,84383.7,84402.5,84383.7,84393.6,52.04449334715868,52.322393803368705,84386.23190326821
2026-09-27T01:30:00-04:00,84393.6,84658.5,84393.6,84545.3,56.9371321446159,53.47706952962318,
2026-09-27T01:45:00-04:00,84545.3,84571.9,84471.2,84472.7,58.729000654479634,52.99211493045313,
2026-09-27T02:00:00-04:00,84472.7,84604.6,84470.4,84599.4,59.14715978864662,54.14234426969423,
2026-09-27T02:15:00-04:00,84599.4,84634.7,84536.3,84591.8,62.03303556234782,56.28282235339615,
2026-09-27T02:30:00-04:00,84591.8,84603.4,84515.8,84525,59.26585230645924,57.48560397575904,
2026-09-27T02:45:00-04:00,84525,84560.4,84478.1,84519.2,56.57451786212694,58.15187935733661,
2026-09-27T03:00:00-04:00,84519.2,84546.2,84509.2,84534.7,56.82111807740682,58.85035389868709,
2026-09-27T03:15:00-04:00,84534.7,84546.4,84487.5,84520.7,56.70598787164154,58.0858381364868,
2026-09-27T03:30:00-04:00,84520.7,84629.6,84520.7,84619.9,59.039385672086205,58.93903533228896,
2026-09-27T03:45:00-04:00,84619.9,84792.4,84609.5,84789.7,65.68173313958287,59.952859093897146,
2026-09-27T04:00:00-04:00,84789.7,84849.8,84719.9,84805,69.70317669485465,61.13050422729092,
2026-09-27T04:15:00-04:00,84805,84870,84748.5,84804.1,69.94765641053823,63.00480312363402,
2026-09-27T04:30:00-04:00,84804.1,84885.3,84695.6,84744,67.16596245313661,64.15663125329368,
2026-09-27T04:45:00-04:00,84744,84819.4,84711,84787.7,65.45447333702396,65.47147605495319,
2026-09-27T05:00:00-04:00,84787.7,84795.9,84590.6,84657.1,61.266345844831754,65.45959067420516,
2026-09-27T05:15:00-04:00,84657.1,84700,84627.9,84699.9,57.20270506093047,64.94671016605155,
2026-09-27T05:30:00-04:00,84699.9,84801.7,84699.9,84801.7,60.82340191569439,64.07149603880846,
2026-09-27T05:45:00-04:00,84801.7,84953,84801.7,84947.9,66.13369886363273,63.926859357131015,
2026-09-27T06:00:00-04:00,84947.9,85047.1,84896.4,85034.1,70.3655259215482,64.19088732766845,
2026-09-27T06:15:00-04:00,85034.1,85115.3,84906.3,84917.5,67.6147453104612,64.05508303065233,
2026-09-27T06:30:00-04:00,84917.5,84926.9,84850.4,84850.5,61.35992609098413,63.0210166859428,85233.28217960546
2026-09-27T06:45:00-04:00,84850.5,84907.4,84799.1,84876.9,59.805240073388326,63.63762423881134,85176.29700584312
2026-09-27T07:00:00-04:00,84876.9,84939.3,84841.3,84898.7,60.83875572726114,64.05988830489441,85082.85100073965
2026-09-27T07:15:00-04:00,84898.7,84932.6,84841.4,84886.6,60.880548890340144,63.65395194585299,85017.29282125323
2026-09-27T07:30:00-04:00,84886.6,84911.3,84826.8,84911.2,61.04019587239122,62.604601735968274,84894.42256863961
2026-09-27T07:45:00-04:00,84911.2,84912.1,84835.4,84888.2,60.73102986432613,60.90123878664669,84917.33427269998
2026-09-27T08:00:00-04:00,84888.2,85000,84888.2,84992.5,62.33828052359815,61.097040368293115,
2026-09-27T08:15:00-04:00,84992.5,85031.5,84940.3,84954.1,63.31647287385618,61.46025215318156,
2026-09-27T08:30:00-04:00,84954.1,85001.4,84950.3,84977.2,62.35377204837549,61.8251923611466,
2026-09-27T08:45:00-04:00,84977.2,84990.1,84789.7,84790,56.45328677977139,60.20726102532734,85597.72171298238
2026-09-27T09:00:00-04:00,84790,84807.2,84631.7,84645.2,46.33236028760749,57.66856704608012,86024.57320862256
2026-09-27T09:15:00-04:00,84645.2,84951.1,84645,84938.8,49.61393864281418,56.942616102591046,84934.56428431912
2026-09-27T09:30:00-04:00,84938.8,85166.1,84786.3,84800,53.44812743786213,55.58773778137612,85055.74145468201
2026-09-27T09:45:00-04:00,84800,85050.9,84745.6,85030.5,54.4181920110083,54.679733670422515,84694.08223789139
2026-09-27T10:00:00-04:00,85030.5,85051.8,84915.4,84997.4,57.76627620980854,54.00196730593393,
2026-09-27T10:15:00-04:00,84997.4,85024.7,84691.6,84702.5,51.57256578948022,51.59938902502386,85195.7082677691
2026-09-27T10:30:00-04:00,84702.5,84801.2,84671.6,84742,46.82770098001343,51.251799934574514,85159.67941515305
2026-09-27T10:45:00-04:00,84742,84743,84439.9,84534.6,44.411922248134076,51.05069244231718,85362.46092855316
2026-09-27T11:00:00-04:00,84534.6,84585.5,84313.6,84507.8,40.898102669551164,48.761561085070795,85161.53601124989
2026-09-27T11:15:00-04:00,84507.8,84624.8,84454.1,84619.3,42.75092971970271,47.99435023712876,84700.35631577662
2026-09-27T11:30:00-04:00,84619.3,84646.2,84423.7,84428.4,42.249605703755705,45.28482214014148,84688.1960470748
2026-09-27T11:45:00-04:00,84428.4,84500,84415.3,84456.2,40.087187110156094,42.94318192294235,84562.54103158932
2026-09-27T12:00:00-04:00,84456.2,84585.7,84456.2,84560.6,42.73377331320615,42.75945286120602,84311.19770983666
2026-09-27T12:15:00-04:00,84560.6,84693.2,84499.6,84571.5,45.03208855765799,42.43014980226936,
2026-09-27T12:30:00-04:00,84571.5,84571.5,84369.7,84388.8,42.44698032006647,42.19804088175813,
2026-09-27T12:45:00-04:00,84388.8,84449,84387.1,84426.9,40.46226283243951,42.30562413452318,84458.75733542253
2026-09-27T13:00:00-04:00,84426.9,84473.1,84325.8,84386.7,40.66311712985757,41.60152299894524,84489.76049172605
2026-09-27T13:15:00-04:00,84386.7,84463.8,84386.7,84439.7,41.26532835243755,42.02440203414657,84423.76249271477
2026-09-27T13:30:00-04:00,84439.7,84526.6,84439.6,84479,43.386684022360335,42.54423640243216,
2026-09-27T13:45:00-04:00,84479,84573.3,84478.9,84573.2,46.38002997845717,43.06618965278971,
2026-09-27T14:00:00-04:00,84573.2,84607.1,84552.6,84607.1,49.19772669303408,43.734418726825325,
2026-09-27T14:15:00-04:00,84607.1,84757,84607,84740.9,52.61009735916602,45.96993737824672,
2026-09-27T14:30:00-04:00,84740.9,84782.1,84669,84767.3,55.79240794559573,48.11446018772711,
2026-09-27T14:45:00-04:00,84767.3,84830.6,84689.7,84820.3,57.29444124434797,50.721744268101126,
2026-09-27T15:00:00-04:00,84820.3,84846.8,84734.9,84793.4,57.58447108509034,52.77707239705648,
2026-09-27T15:15:00-04:00,84793.4,84842.1,84688.6,84709.4,54.706065326650915,53.955853212184145,
2026-09-27T15:30:00-04:00,84709.4,84801.1,84655.9,84776.5,53.99999644684271,54.95420567373805,
2026-09-27T15:45:00-04:00,84776.5,84825.5,84736.7,84742.2,54.55085189712041,55.48531755620882,
2026-09-27T16:00:00-04:00,84742.2,84820.1,84742.1,84820.1,55.36108037752089,55.740200821839444,
2026-09-27T16:15:00-04:00,84820.1,84820.1,84611.4,84622.3,52.27000151703203,54.47891571947633,
2026-09-27T16:30:00-04:00,84622.3,84646.2,84579.5,84640,47.881042542677704,53.050658335647945,
2026-09-27T16:45:00-04:00,84640,84644,84540.4,84549.5,46.3478591317273,51.26845516137261,
2026-09-27T17:00:00-04:00,84549.5,84689.8,84549.4,84689.8,47.70198029792613,51.04949118458371,
2026-09-27T17:15:00-04:00,84689.8,84725,84611.4,84611.4,49.30532827369011,49.92712139761471,
2026-09-27T17:30:00-04:00,84611.4,84633.3,84455.5,84553.8,46.4068632462202,48.7226372843265,
2026-09-27T17:45:00-04:00,84553.8,84700.6,84553.8,84681.5,48.14394078533435,47.86508151413284,
2026-09-27T18:00:00-04:00,84681.5,84765.7,84273.1,84324.9,44.85761049649565,46.60481127845897,84909.10394723724
2026-09-27T18:15:00-04:00,84324.9,84575.7,84279.7,84555.5,43.087534021392244,46.49550765090843,84502.18766976972
2026-09-27T18:30:00-04:00,84555.5,84555.5,84169.9,84186.8,42.787553690597385,45.587581152421855,84780.74870160836
2026-09-27T18:45:00-04:00,84186.8,84240.5,84127.7,84192.4,38.1403634183676,43.7636171138917,84566.28716093718
2026-09-27T19:00:00-04:00,84192.4,84303.1,84129.6,84224.7,38.853589467330835,42.60137006489064,84406.04759086054
2026-09-27T19:15:00-04:00,84224.7,84445.3,84203.9,84402,42.641582773589775,42.687822693140156,83914.18363977633
2026-09-27T19:30:00-04:00,84402,84473,84338.5,84338.5,44.92623644046663,41.682025966357,
2026-09-27T19:45:00-04:00,84338.5,84539.5,84338.5,84475.6,46.355924675800566,43.11591245865584,
2026-09-27T20:00:00-04:00,84475.6,84571.2,84381.2,84438.8,48.10681588594316,43.11610649908584,
2026-09-27T20:15:00-04:00,84438.8,85005.1,84427.2,84793.5,52.665437753111554,45.93816504794561,
2026-09-27T20:30:00-04:00,84793.5,84796.7,84196,84303.3,51.280710827566566,46.870491473142685,
2026-09-27T20:45:00-04:00,84303.3,84625,84135.9,84135.9,43.05416288997103,47.13832888298566,
2026-09-27T21:00:00-04:00,84135.9,84233.8,83932.2,83955.6,39.65518184321398,46.017234064463885,
2026-09-27T21:15:00-04:00,83955.6,84165.5,83880.3,84083.1,39.78306486906094,45.66885129115547,
2026-09-27T21:30:00-04:00,84083.1,84150.3,83809.3,83809.4,39.11996251775228,43.94981630502152,
2026-09-27T21:45:00-04:00,83809.4,83920.6,83613,83700.7,35.755498190220585,42.13990337809188,
2026-09-27T22:00:00-04:00,83700.7,83784,83477.4,83738.6,35.44961047888829,39.031008512386315,
2026-09-27T22:15:00-04:00,83738.6,83748.6,83552.9,83634.3,35.12540851459909,37.52410271724403,
2026-09-27T22:30:00-04:00,83634.3,83635.7,83406.5,83495.8,33.071074128220324,36.1786974376004,
2026-09-27T22:45:00-04:00,83495.8,83540.9,83386.3,83421.4,31.32646250158202,35.1444686196349,
2026-09-27T23:00:00-04:00,83421.4,83536.8,83379.5,83434.8,30.979224904406664,33.66331459055631,
2026-09-27T23:15:00-04:00,83434.8,83509.2,83295.4,83326.4,30.307329467660118,32.62657346246571,
2026-09-27T23:30:00-04:00,83326.4,83489.1,83207.2,83449.8,31.76745679583385,32.52387419216011,
2026-09-27T23:45:00-04:00,83449.8,83484,83320.2,83344.7,33.15400877971966,31.97068726270324,
2026-09-28T00:00:00-04:00,83344.7,83440.3,83238.4,83434.1,33.87780922287386,32.16741725166718,
2026-09-28T00:15:00-04:00,83434.1,83514.2,83369,83482.3,36.516505342905035,32.95509618118458,
2026-09-28T00:30:00-04:00,83482.3,83532,83435.6,83497.6,37.739307482102575,33.99965867467305,
2026-09-28T00:45:00-04:00,83497.6,83509.9,83439.4,83487.8,37.91583789905569,34.93698560822716,
2026-09-28T01:00:00-04:00,83487.8,83534.6,83250.5,83325.9,35.79648033482285,35.567987493862404,
2026-09-28T01:15:00-04:00,83325.9,83346.5,83017.1,83068.9,31.220864697028155,34.78081643713982,
2026-09-28T01:30:00-04:00,83068.9,83143,82698.2,83142.1,30.235840951374428,34.73422525719234,
2026-09-28T01:45:00-04:00,83142.1,83198.9,83050.3,83177.4,32.60756595401423,34.417889788894215,
2026-09-28T02:00:00-04:00,83177.4,83292.7,83139.3,83247.7,34.92967776294148,34.28084594863133,
2026-09-28T02:15:00-04:00,83247.7,83256.3,83054,83057.8,34.305614158244,33.43683455350605,
2026-09-28T02:30:00-04:00,83057.8,83219.8,83040.9,83181.4,34.74785369983671,33.375707605997334,
2026-09-28T02:45:00-04:00,83181.4,83217.2,83111.9,83161.9,37.12051989681256,33.81513157121739,
2026-09-28T03:00:00-04:00,83161.9,83284.2,83059.4,83086.9,35.942562130746865,34.72476401563125,
2026-09-28T03:15:00-04:00,83086.9,83160.8,82939.7,82949.9,33.4159225767236,34.72372632131716,
2026-09-28T03:30:00-04:00,82949.9,83056.5,82917.9,82940.9,31.72427984224217,34.472396555124945,
2026-09-28T03:45:00-04:00,82940.9,83120.3,82927.9,82955.1,31.9896426731722,33.88371629566879,
2026-09-28T04:00:00-04:00,82955.1,83158.9,82920.1,83026.4,34.2120259544459,34.445657068325495,
2026-09-28T04:15:00-04:00,83026.4,83049.6,82818.2,82844.9,33.709908881591346,33.58716063331297,
2026-09-28T04:30:00-04:00,82844.9,82969.8,82784.1,82924.2,33.34133233364196,33.365889193133896,82696.40585151874
2026-09-28T04:45:00-04:00,82924.2,83027.5,82904.7,82963.1,36.29070248127799,33.686629304893295,82640.47053773244
2026-09-28T05:00:00-04:00,82963.1,83016.6,82607.1,82883.5,36.106892751487194,34.13473781449492,82848.72384566946
2026-09-28T05:15:00-04:00,82883.5,82977.5,82763.9,82827.1,34.17988364136463,34.388230390356846,82885.96218283684
2026-09-28T05:30:00-04:00,82827.1,82853.2,82597.4,82628.9,30.977398744374845,33.84552526340996,82880.23451488004
2026-09-28T05:45:00-04:00,82628.9,82784.1,82619.7,82675.3,29.81668822574602,33.13241961072831,82784.41888242144
2026-09-28T06:00:00-04:00,82675.3,82872.1,82675.3,82767.6,33.49504443303486,33.78413542096525,82535.79104345392
2026-09-28T06:15:00-04:00,82767.6,82857.3,82737,82815,37.11198402465767,34.209748665304225,
2026-09-28T06:30:00-04:00,82815,82958,82778.2,82951.4,41.51132926721323,35.2757430740896,
2026-09-28T06:45:00-04:00,82951.4,83051.9,82861,82959.5,44.89538493669332,36.720746432505976,
2026-09-28T07:00:00-04:00,82959.5,83064.5,82959.5,82992.8,45.85669815300075,38.61197579169992,
2026-09-28T07:15:00-04:00,82992.8,83081.5,82968.7,83024.7,47.39438618646204,41.41131427310232,
2026-09-28T07:30:00-04:00,83024.7,83108.6,82986.7,83076.9,49.39001840154984,44.204355841929576,
2026-09-28T07:45:00-04:00,83076.9,83093,82981.8,83086.7,50.86286191414136,46.37354783913275,
2026-09-28T08:00:00-04:00,83086.7,83506,83015.5,83386.1,56.94685798584261,49.87146268798242,
2026-09-28T08:15:00-04:00,83386.1,83470.3,83284,83376.3,62.53247022613685,52.37958811311093,
2026-09-28T08:30:00-04:00,83376.3,83427.5,83253.1,83342.9,61.342997388846484,54.57078053145476,
2026-09-28T08:45:00-04:00,83342.9,83639,83342.9,83583.6,64.1308694782121,57.60077992031417,
2026-09-28T09:00:00-04:00,83583.6,83583.6,83312.2,83408.7,63.501354571207386,59.17277149852486,
2026-09-28T09:15:00-04:00,83408.7,83567.5,83353.2,83567.5,61.42962441361984,61.040667352334175,
2026-09-28T09:30:00-04:00,83567.5,83830.8,83397.1,83750.5,65.9046260712368,63.47041840055211,
2026-09-28T09:45:00-04:00,83750.5,83832.2,83479.4,83647.5,65.77381248185698,63.56265435119541,
2026-09-28T10:00:00-04:00,83647.5,83647.5,83323.1,83403.5,58.72106783842418,62.38144628977706,
2026-09-28T10:15:00-04:00,83403.5,83613.3,83102.3,83241.2,51.400932076773735,60.722064262031765,
2026-09-28T10:30:00-04:00,83241.2,83481.6,82854.9,82945,44.91663418471296,56.89166477734874,
2026-09-28T10:45:00-04:00,82945,83069.3,82539.1,83023.8,42.31877654588428,54.66989911193944,
2026-09-28T11:00:00-04:00,83023.8,83274.9,82932.6,82963.4,42.84701579482174,51.582348029120716,
2026-09-28T11:15:00-04:00,82963.4,83131.6,82799.6,83075.4,43.96830551452057,48.40237895287767,
2026-09-28T11:30:00-04:00,83075.4,83369.6,83016,83207.3,47.90610905502559,46.47728990716888,
2026-09-28T11:45:00-04:00,83207.3,83403.4,83207.3,83369.8,52.257647691826605,46.55568748242122,
2026-09-28T12:00:00-04:00,83369.8,83483.3,83247.9,83419.1,55.210926966842464,47.56585987575995,
2026-09-28T12:15:00-04:00,83419.1,84198.5,83371.1,84022.1,61.98103479581725,51.43123051416531,
2026-09-28T12:30:00-04:00,84022.1,84122.1,83680,83727.7,63.76388472651462,53.69303364165433,
2026-09-28T12:45:00-04:00,83727.7,83801.5,83580.7,83724.5,59.39311537941312,56.15868753833427,
2026-09-28T13:00:00-04:00,83724.5,84255.8,83558.2,84253.9,63.60236656420496,59.30276537013559,
2026-09-28T13:15:00-04:00,84253.9,84383.5,83880.3,83910.6,63.529748443421326,60.62258450644733,
2026-09-28T13:30:00-04:00,83910.6,84026.1,83850,84010.9,59.99051010669845,61.51215463152754,
2026-09-28T13:45:00-04:00,84010.9,84059.7,83838.5,83876.1,59.17051812584674,61.75389626616285,
2026-09-28T14:00:00-04:00,83876.1,83977.9,83844.8,83975.4,58.417927600584115,60.49412400431807,
2026-09-28T14:15:00-04:00,83975.4,84007.3,83897.4,83934.9,58.75718460567955,60.323410517352826,
2026-09-28T14:30:00-04:00,83934.9,83951.7,83793.2,83869.1,57.38309934327381,59.91983370827826,
2026-09-28T14:45:00-04:00,83869.1,84049,83805.2,84038.8,58.170295777141504,58.77139029247754,
2026-09-28T15:00:00-04:00,84038.8,84049,83656.5,83720.3,55.84611172042314,57.72450893027877,
2026-09-28T15:15:00-04:00,83720.3,83737.4,83630.7,83637,50.94065868805131,56.18571845857836,
2026-09-28T15:30:00-04:00,83637,83650.1,83105.4,83311.6,46.71368459170351,54.16541363480928,
2026-09-28T15:45:00-04:00,83311.6,83420.5,83269.1,83382.6,44.27058633019666,52.14362095275337,
2026-09-28T16:00:00-04:00,83382.6,83614.2,83257,83573.3,47.31127021560688,50.8951523805028,
2026-09-28T16:15:00-04:00,83573.3,83573.3,83453.9,83495.6,48.66489106282009,49.65270430119516,
2026-09-28T16:30:00-04:00,83495.6,83576.2,83464,83492,47.78646357326024,47.92834317939387,
2026-09-28T16:45:00-04:00,83492,83546.8,83434,83538,48.33876651104437,47.507748527086946,
2026-09-28T17:00:00-04:00,83538,83665,83538,83579.2,49.478102170641726,47.510469888705416,
2026-09-28T17:15:00-04:00,83579.2,83586.7,83452.1,83459.4,48.45320396314192,48.00475406178363,
2026-09-28T17:30:00-04:00,83459.4,83474.6,83396.2,83426.8,46.45778808706123,48.13538467638101,83578.97636183359
2026-09-28T17:45:00-04:00,83426.8,83434.8,83209.8,83219,43.4926567975655,46.913721656628944,83759.302004502
2026-09-28T18:00:00-04:00,83219,83235.3,83098.5,83186.9,40.58203701985293,45.825997806961816,83632.79829002745
2026-09-28T18:15:00-04:00,83186.9,83244.1,83154.8,83244.1,41.21279050214402,45.03552935059573,83401.62923808064
2026-09-28T18:30:00-04:00,83244.1,83494.9,83242.6,83489.8,46.085009953513875,45.1820673619531,
2026-09-28T18:45:00-04:00,83489.8,83550.6,83483.1,83550.5,50.81859289741175,45.41852670110145,
2026-09-28T19:00:00-04:00,83550.5,83642.1,83452.7,83454.9,50.25439371227236,45.696693004561794,
2026-09-28T19:15:00-04:00,83454.9,83595,83454.9,83592.8,50.848473029933615,46.673008113350704,
2026-09-28T19:30:00-04:00,83592.8,83626.7,83576.1,83600.8,52.98382648118822,48.40845577131115,
2026-09-28T19:45:00-04:00,83600.8,83600.8,83498.8,83500.2,51.44495053912489,49.77669769028555,
2026-09-28T20:00:00-04:00,83500.2,83549.6,83460.6,83530.8,50.29265280496773,51.00270214354649,
2026-09-28T20:15:00-04:00,83530.8,83554.5,83345.3,83546.2,51.05877406957855,51.197773152018314,
2026-09-28T20:30:00-04:00,83546.2,83622,83465,83534.8,51.10509751582718,51.0845606059509,83570.76738909258
2026-09-28T20:45:00-04:00,83534.8,83534.8,83174,83180.3,45.26084368758893,49.771044573537324,84102.33383540309
2026-09-28T21:00:00-04:00,83180.3,83240,82980.2,83031.3,37.830998731017274,47.365282234831945,84001.36561223368
2026-09-28T21:15:00-04:00,83031.3,83057.3,82823,82825.6,33.88132746788513,44.313187712593596,83940.09788889819
2026-09-28T21:30:00-04:00,82825.6,83006,82768.9,82958.1,34.34078209782881,42.478376965890206,83260.02405764937
2026-09-28T21:45:00-04:00,82958.1,83135.9,82906,83063.8,38.88732276606248,41.054521987192096,82911.32409719756
2026-09-28T22:00:00-04:00,83063.8,83105.5,82915.1,83020.1,40.283358313719106,39.39968674993037,
2026-09-28T22:15:00-04:00,83020.1,83159.1,82910.5,82975.6,39.17410596048211,37.64566725709351,
2026-09-28T22:30:00-04:00,82975.6,83037.3,82895.8,83037.3,39.85900333930303,37.856303793277256,
2026-09-28T22:45:00-04:00,83037.3,83120.6,82907.3,82973.5,40.217217818904714,38.32744413934706,
2026-09-28T23:00:00-04:00,82973.5,83051.2,82903.5,82903.5,38.3673593329293,39.13802718328987,
2026-09-28T23:15:00-04:00,82903.5,83219.8,82866.8,83213.2,43.30736102068799,40.88932383159254,82174.03944569496
2026-09-28T23:30:00-04:00,83213.2,83213.2,83121.2,83126.9,47.88877298083473,41.709870101796234,82670.57704903801
2026-09-28T23:45:00-04:00,83126.9,83182.5,83054.3,83078.7,45.84533705885365,42.478460615916696,82908.30308806655
2026-09-29T00:00:00-04:00,83078.7,83167.1,83032.7,83136.1,46.17450627424367,43.70998447715668,82878.35448492838
2026-09-29T00:15:00-04:00,83136.1,83305.4,83136,83224.5,48.81243636380329,45.03658433720249,82860.98819730917
2026-09-29T00:30:00-04:00,83224.5,83228.6,83111.3,83167.8,49.392516307488535,46.331498331037764,83129.18020199014
2026-09-29T00:45:00-04:00,83167.8,83214.9,83079.2,83203.9,49.07533693898945,48.096006510362535,83080.24887770494
2026-09-29T01:00:00-04:00,83203.9,83268.3,83174.2,83261.6,50.85825876938664,48.48889768780881,83053.01758838656
2026-09-29T01:15:00-04:00,83261.6,83346.9,83219.3,83316.2,52.9802894355404,49.5507254974213,83081.04871985265
2026-09-29T01:30:00-04:00,83316.2,83323.7,82968.3,83296,53.55347562842745,50.69122299340132,83194.48818795134
2026-09-29T01:45:00-04:00,83296,83453.5,83213.8,83433.3,55.65714788297227,52.26005167134376,83078.67004893975
2026-09-29T02:00:00-04:00,83433.3,83891.2,83416.8,83891.2,64.08823806942652,55.055737766436536,82532.5938353771
2026-09-29T02:15:00-04:00,83891.2,83893.5,83743,83881.2,69.73474391194716,58.072116701189074,83130.48151900231
2026-09-29T02:30:00-04:00,83881.2,83954.3,83844.6,83907.2,69.78034432008323,60.97145416103474,
2026-09-29T02:45:00-04:00,83907.2,84016.7,83858.7,84009.5,71.12047782515998,63.86132214569574,
2026-09-29T03:00:00-04:00,84009.5,84040.9,83876.1,83989.9,71.66324040946756,66.30944015358536,
2026-09-29T03:15:00-04:00,83989.9,84075.2,83917.7,83994.9,71.19843593539916,68.90273937625908,
2026-09-29T03:30:00-04:00,83994.9,84205.3,83964.9,84023.8,71.60100376149579,70.86482754744921,
2026-09-29T03:45:00-04:00,84023.8,84069.7,83962.5,83989,70.8590370840352,70.83725338043298,
2026-09-29T04:00:00-04:00,83989,84088.9,83978.1,84043,70.49838485055173,71.0830106727648,
2026-09-29T04:15:00-04:00,84043,84369.8,84043,84167.5,72.75972858622373,71.6885060279017,84064.40987853873
2026-09-29T04:30:00-04:00,84167.5,84167.5,83840.1,83858.9,66.06182504567408,69.6376813071974,86344.08741524217
2026-09-29T04:45:00-04:00,83858.9,83884.4,83794.1,83878.1,58.137878547219366,67.82411692440222,85139.221905478
2026-09-29T05:00:00-04:00,83878.1,83878.6,83764.8,83783.5,56.34104901991464,65.39271361705896,85146.48094354558
2026-09-29T05:15:00-04:00,83783.5,83921.4,83758.1,83849.1,55.403942433825186,63.19638511649633,84373.98332832889
2026-09-29T05:30:00-04:00,83849.1,84005.3,83838.2,84005.2,59.084393941511756,62.02852986205227,83949.05348267713
2026-09-29T05:45:00-04:00,84005.2,84328.2,83990,84253.9,64.77696319224157,61.56169321412199,
2026-09-29T06:00:00-04:00,84253.9,84329.7,84159.1,84208.1,66.87667920047996,60.34765860898261,
2026-09-29T06:15:00-04:00,84208.1,84224.9,84061.2,84156.7,64.57832756984753,61.137836792457264,
2026-09-29T06:30:00-04:00,84156.7,84161.2,83985.1,84012.9,60.18207191598947,60.931713857202645,84534.47168625942
2026-09-29T06:45:00-04:00,84012.9,84078.6,83976.6,84027.3,57.23365134320122,61.392866027682,84482.37245245083
2026-09-29T07:00:00-04:00,84027.3,84096.5,83931.1,84025,57.41096790751588,61.505149706828554,84377.12367869375
2026-09-29T07:15:00-04:00,84025,84080.9,83980.1,84067.2,58.10527958382946,61.1131190683442,84145.35920924932
2026-09-29T07:30:00-04:00,84067.2,84276.3,84059.4,84264.4,61.936586914524824,60.69361362748092,
2026-09-29T07:45:00-04:00,84264.4,84500,84244.4,84357.1,66.25444149136828,60.935336865740865,
2026-09-29T08:00:00-04:00,84357.1,84429.1,84299.5,84327.8,66.6969121812548,61.29892351645442,
2026-09-29T08:15:00-04:00,84327.8,84491,84135.4,84210.1,62.87103555592311,61.70361219143619,
2026-09-29T08:30:00-04:00,84210.1,84477.9,84202.9,84361.2,62.104384663870675,62.69056160807433,
2026-09-29T08:45:00-04:00,84361.2,84404.2,84253.5,84330.1,63.586352893521024,63.468007901723446,84450.92750266242
2026-09-29T09:00:00-04:00,84330.1,84447.5,84249.2,84404.6,63.902699644931005,64.34696733981762,84370.42757114586
2026-09-29T09:15:00-04:00,84404.6,84573.2,84338.5,84356.6,63.721248588323945,63.97791123709461,84429.96617402887
2026-09-29T09:30:00-04:00,84356.6,84364.1,84017,84192.8,58.48002560660714,62.1257056584573,84891.44084651872
2026-09-29T09:45:00-04:00,84192.8,84457.7,84084.5,84206,54.77009359595202,60.57024878415096,84695.1891242852
2026-09-29T10:00:00-04:00,84206,84291,83869.9,83923.6,49.503401112852444,58.306381531865675,85658.80443635979
2026-09-29T10:15:00-04:00,83923.6,84084.6,83853.9,83938.8,44.31093755091036,55.48640675187658,84820.08449892364
2026-09-29T10:30:00-04:00,83938.8,84018,83759.2,83898.4,43.922283779242406,52.68807607064321,84437.19271084636
2026-09-29T10:45:00-04:00,83898.4,84015.4,83691.3,83754.7,40.86397724203829,48.90391463676438,84325.75119922266
2026-09-29T11:00:00-04:00,83754.7,83763.2,83348.8,83427.9,34.46782229615118,44.32995427287956,84478.45848221288
2026-09-29T11:15:00-04:00,83427.9,83498.5,82908.8,82990.6,26.88347637073718,39.87632914080153,84354.63952007504
2026-09-29T11:30:00-04:00,82990.6,83240,82975.4,83178.6,27.071830259890465,36.41616474829055,83498.40386674515
2026-09-29T11:45:00-04:00,83178.6,83323.6,82923.3,83072.2,29.935331904198183,34.28545222404317,83308.5415761166
2026-09-29T12:00:00-04:00,83072.2,83151.9,82950.6,83033.1,28.759556982903884,31.972913157431556,83131.65350331958
2026-09-29T12:15:00-04:00,83033.1,83296.1,82991.9,83254,32.60910800999602,31.05311628997278,
2026-09-29T12:30:00-04:00,83254,83277.5,83035.7,83040.9,34.78990189295472,30.237463057693407,
2026-09-29T12:45:00-04:00,83040.9,83087.4,82900,83059.1,33.13648152715861,30.672733213117766,
2026-09-29T13:00:00-04:00,83059.1,83195.7,83012.6,83171.6,35.50864430887275,32.701796754303565,
2026-09-29T13:15:00-04:00,83171.6,83187.4,83047.7,83183.4,37.7657526917875,33.728139622231204,
2026-09-29T13:30:00-04:00,83183.4,83224.9,83107.1,83129.5,37.3585629992211,34.822719924310114,
2026-09-29T13:45:00-04:00,83129.5,83176.9,82979,83078.3,36.140670867518395,35.837029303549635,
2026-09-29T14:00:00-04:00,83078.3,83433.8,83078.3,83433.8,41.83477551290626,37.45862492514161,
2026-09-29T14:15:00-04:00,83433.8,83524.7,83396.4,83425.7,48.009880675545816,39.61416609857566,
2026-09-29T14:30:00-04:00,83425.7,83703.7,83410.1,83633.1,50.92138286151888,42.540025306387406,
2026-09-29T14:45:00-04:00,83633.1,83689.4,83589.8,83644.1,54.09933211014126,44.925791184652375,
2026-09-29T15:00:00-04:00,83644.1,83699.4,83593.4,83594.7,53.41315242057594,47.0107109431841,
2026-09-29T15:15:00-04:00,83594.7,83665.9,83543.3,83556.1,51.90918962518584,49.083113077785164,
2026-09-29T15:30:00-04:00,83556.1,83623.9,83437.4,83437.4,49.25982069547142,50.75903946545639,
2026-09-29T15:45:00-04:00,83437.4,83647,83405.5,83601.4,49.999179919012064,51.41580005095824,
2026-09-29T16:00:00-04:00,83601.4,83610.9,83507.5,83545,51.75069645060968,51.82784397261749,
2026-09-29T16:15:00-04:00,83545,83654.4,83545,83629,52.15263324896243,51.76758587594212,
2026-09-29T16:30:00-04:00,83629,83651.3,83586.6,83639.2,53.694078191467014,51.71205713871057,
2026-09-29T16:45:00-04:00,83639.2,83663.9,83617.2,83617.2,53.41677884686641,51.76862199773939,
2026-09-29T17:00:00-04:00,83617.2,83620.5,83520.4,83565.1,51.898747607581996,51.70907370510947,
2026-09-29T17:15:00-04:00,83565.1,83565.2,83382.7,83419,48.05742167669883,51.42507942094722,
2026-09-29T17:30:00-04:00,83419,83545.1,83415.9,83500.6,46.97101293656257,50.84388313869533,
2026-09-29T17:45:00-04:00,83500.6,83504.8,83418.9,83504.8,48.74074191912999,50.56509241195302,
2026-09-29T18:00:00-04:00,83504.8,83729.5,83504.7,83663.6,51.93745038209083,50.78240231958915,
2026-09-29T18:15:00-04:00,83663.6,83696.8,83548.2,83595.1,53.57610394294277,50.53138548380324,
2026-09-29T18:30:00-04:00,83595.1,83622.9,83536.7,83601.4,52.23136005239865,50.44371123545552,
2026-09-29T18:45:00-04:00,83601.4,83651.2,83563.2,83618.8,52.72473492381003,50.767381859868394,
2026-09-29T19:00:00-04:00,83618.8,83858.3,83581.2,83850.4,57.3373977219284,53.09513296266397,
2026-09-29T19:15:00-04:00,83850.4,83860.1,83721.1,83761.6,59.441439335611946,54.33036083102536,
2026-09-29T19:30:00-04:00,83761.6,83761.7,83636,83672.6,55.29974885849023,54.969134945338325,
2026-09-29T19:45:00-04:00,83672.6,83718.5,83633.1,83663.1,53.08719982813505,54.658860672752276,
2026-09-29T20:00:00-04:00,83663.1,83727.3,83510.1,83528,50.00160743280845,53.94785022815709,
2026-09-29T20:15:00-04:00,83528,83591.3,83410.9,83572.2,48.10319677297393,53.479385450059496,
2026-09-29T20:30:00-04:00,83572.2,83630.2,83462.3,83484,47.27611795328925,52.39110252229401,
2026-09-29T20:45:00-04:00,83484,83484.1,83348,83452.5,44.849481251615444,49.911409315684374,
2026-09-29T21:00:00-04:00,83452.5,83480.2,83386,83430.9,43.78528684995847,47.91791609782159,
2026-09-29T21:15:00-04:00,83430.9,83556.5,83399.2,83431.4,43.35968961079809,46.49996381634376,
2026-09-29T21:30:00-04:00,83431.4,83448,83335.9,83438.3,43.58064206851566,45.20175673793033,
2026-09-29T21:45:00-04:00,83438.3,83509.9,83403,83445.3,44.010198356452804,44.78813265167072,
2026-09-29T22:00:00-04:00,83445.3,83627,83432.7,83483.7,45.4793515621308,44.452086677689444,
2026-09-29T22:15:00-04:00,83483.7,83557.5,83380.7,83427.7,45.19319380870637,44.19301146750418,
2026-09-29T22:30:00-04:00,83427.7,83451.7,83289.4,83386.7,42.5868769531406,43.80562830669663,83470.05708555783
2026-09-29T22:45:00-04:00,83386.7,83492.3,83359.9,83388.1,41.56602712477558,43.558937260309065,83451.59172671642
2026-09-29T23:00:00-04:00,83388.1,83428.3,83329.7,83331.1,40.09247555888963,42.872138577579925,83470.8652134911
2026-09-29T23:15:00-04:00,83331.1,83336,83172.2,83315.6,38.16064120140462,42.010365583991636,83436.184709199
2026-09-29T23:30:00-04:00,83315.6,83428.5,83257.2,83367,39.92908503012501,41.706106198629136,83315.32016430702
2026-09-29T23:45:00-04:00,83367,83367,83275.6,83308.7,40.44805894988793,40.5728534090651,83344.64408485685
2026-09-30T00:00:00-04:00,83308.7,83420.7,83302,83364.5,41.08706290432862,40.53292594023549,
2026-09-30T00:15:00-04:00,83364.5,83427.2,83355.3,83374.5,43.784729069973096,40.91509687101724,
2026-09-30T00:30:00-04:00,83374.5,83406.8,83294,83321.8,42.53416959533277,40.809538074680404,
2026-09-30T00:45:00-04:00,83321.8,83332.3,83209.1,83215,38.00900118296957,40.31981847789722,83399.92466734274
2026-09-30T01:00:00-04:00,83215,83357.2,83215,83233.5,35.966134563920264,40.182536178256306,83322.22398868228
2026-09-30T01:15:00-04:00,83233.5,83388.8,83180.4,83388.8,42.720810341358884,41.1174542811069,82970.40082677007
2026-09-30T01:30:00-04:00,83388.8,83530.9,83384.5,83473.4,51.192321903208224,43.252325593490674,82772.6990049776
2026-09-30T01:45:00-04:00,83473.4,83495.3,83300,83387.5,51.109961881700684,43.9811397032132,83151.28367366697
2026-09-30T02:00:00-04:00,83387.5,83437.9,83107.8,83133.5,42.726862128200196,42.950077895841275,83448.57486114725
2026-09-30T02:15:00-04:00,83133.5,83182.7,83057.1,83163.4,37.891885578934186,42.65477284138503,83400.6946604097
2026-09-30T02:30:00-04:00,83163.4,83165.6,83039.5,83107.1,37.72719126513688,42.86956077646051,83460.28872475862
2026-09-30T02:45:00-04:00,83107.1,83188.3,82968.8,83040.6,35.4245632011454,42.50003816630651,83375.95643451373
2026-09-30T03:00:00-04:00,83040.6,83100.4,82943.5,83018.4,33.808565039741026,40.32320497599827,83197.61807949458
2026-09-30T03:15:00-04:00,83018.4,83399.9,83018.3,83310.8,41.68690924531487,39.78420597833697,
2026-09-30T03:30:00-04:00,83310.8,83433.1,83267.4,83427.8,52.38497405982305,40.68749416974752,
2026-09-30T03:45:00-04:00,83427.8,83466,83291.9,83292.8,51.8645629796996,42.394977650193944,
2026-09-30T04:00:00-04:00,83292.8,83342.3,83120.4,83121.1,45.788177007585105,42.94357743507634,
2026-09-30T04:15:00-04:00,83121.1,83283.5,83113.6,83133.1,42.926930927899086,43.88061755384029,
2026-09-30T04:30:00-04:00,83133.1,83141.7,83023,83072.6,42.13561287048903,44.86102019774595,
2026-09-30T04:45:00-04:00,83072.6,83172,83019.8,83060.9,40.86156143223339,45.895759380266675,
2026-09-30T05:00:00-04:00,83060.9,83292.8,83046.7,83288.3,45.859321792992645,46.053138068511025,
2026-09-30T05:15:00-04:00,83288.3,83433.3,83263.9,83422.4,53.51887724123279,46.219731717812316,
2026-09-30T05:30:00-04:00,83422.4,83821.2,83422.4,83568.5,58.28890169976382,47.88866341710081,
2026-09-30T05:45:00-04:00,83568.5,83659.4,83537.5,83633.5,61.551508447841606,50.72354070074276,
2026-09-30T06:00:00-04:00,83633.5,83797.4,83633.5,83705,63.506129072624816,53.76843431559387,
2026-09-30T06:15:00-04:00,83705,83862.8,83676.1,83791.8,65.68128259167875,57.45087490679696,
2026-09-30T06:30:00-04:00,83791.8,83923.8,83791.7,83890.5,68.08219145698862,61.54575717980965,
2026-09-30T06:45:00-04:00,83890.5,83948,83853.8,83909.5,69.55027382864111,64.21971834555367,
2026-09-30T07:00:00-04:00,83909.5,83909.5,83688.6,83840.6,67.82752093220414,65.63394109151577,
2026-09-30T07:15:00-04:00,83840.6,83879.3,83710.2,83842.5,65.89982036669244,66.39426653610471,
2026-09-30T07:30:00-04:00,83842.5,83980,83740.2,83938.1,67.33571708107766,67.2865721295832,83899.44223532072
2026-09-30T07:45:00-04:00,83938.1,83978,83814.6,83908.9,67.83384483506717,67.63075675394538,83975.15393302981
2026-09-30T08:00:00-04:00,83908.9,83938.9,83764.3,83880.9,66.03448783719858,67.38748791401744,84029.9538090935
2026-09-30T08:15:00-04:00,83880.9,83973.4,83757.5,83950,66.29506139716501,67.12014816542434,83922.64280162756
2026-09-30T08:30:00-04:00,83950,85073,83869.5,84828,75.17091938607018,68.99338664471146,83741.46030635825
2026-09-30T08:45:00-04:00,84828,85527.6,84742,85293.8,84.72051763238362,71.94671865118991,84066.77487800174
2026-09-30T09:00:00-04:00,85293.8,85650.9,85110,85400,86.87961308447947,74.98761313550776,84518.83034315468
2026-09-30T09:15:00-04:00,85400,85522.3,85163.6,85197.6,83.17284054668323,76.47161106993437,85129.68803036124
2026-09-30T09:30:00-04:00,85197.6,85571.9,84012.9,84512.7,69.14183886109036,75.36132571437153,
2026-09-30T09:45:00-04:00,84512.7,84737.6,84391.2,84642.2,60.15108923534251,74.79064004083263,
2026-09-30T10:00:00-04:00,84642.2,84648.4,84133.9,84349,57.892841965177645,72.96069159094655,
2026-09-30T10:15:00-04:00,84349,84365.2,83644.5,83764.6,49.55212063875942,67.4709832558867,
2026-09-30T10:30:00-04:00,83764.6,83836.6,83374.8,83557.8,42.99587824749797,61.0393660524078,
2026-09-30T10:45:00-04:00,83557.8,83991.6,83541.1,83800.4,43.78077816691619,55.157030422297176,
2026-09-30T11:00:00-04:00,83800.4,84000,83720.8,83944.3,47.30617327301018,50.79174683135836,
2026-09-30T11:15:00-04:00,83944.3,84022.7,83677.9,83890.7,48.12484231194661,49.15217426539896,
2026-09-30T11:30:00-04:00,83890.7,84284,83890.7,84111.1,49.65682253011881,47.793384915580155,
2026-09-30T11:45:00-04:00,84111.1,84287.4,84094.2,84136.9,51.86689453006463,47.43047499822381,
2026-09-30T12:00:00-04:00,84136.9,84375,84112.1,84359.1,54.02710131471976,49.071950822997394,
2026-09-30T12:15:00-04:00,84359.1,84482.7,84281.3,84288.6,55.208357211794464,50.91975470230852,
2026-09-30T12:30:00-04:00,84288.6,84363.6,84204.8,84356.1,55.070742986296764,52.29765505710613,
2026-09-30T12:45:00-04:00,84356.1,84473.2,84300.5,84349.8,55.60830790817211,53.29179316949764,
2026-09-30T13:00:00-04:00,84349.8,84424.8,84272.2,84291.7,54.808872443873156,54.20737795194229,
2026-09-30T13:15:00-04:00,84291.7,84291.7,84002.2,84210.6,53.064079765613315,54.26529523678179,
2026-09-30T13:30:00-04:00,84210.6,84210.6,83904.4,83992.4,49.478912529146974,53.52509738025152,
2026-09-30T13:45:00-04:00,83992.4,84149.1,83946.5,84022.2,47.29346036770213,52.34139782334819,
2026-09-30T14:00:00-04:00,84022.2,84074.1,83921.1,83993.5,47.32463237471555,51.27260456965756,
2026-09-30T14:15:00-04:00,83993.5,84020.9,83869.4,83918.5,46.04931563664364,49.76384715201873,
2026-09-30T14:30:00-04:00,83918.5,83942.5,83802.7,83853,44.31444439031793,48.04578642169922,
2026-09-30T14:45:00-04:00,83853,83982.4,83790.3,83944.6,44.951781556331724,46.94753546986403,
2026-09-30T15:00:00-04:00,83944.6,83960.7,83720.5,83751.4,43.98180193519036,45.45084989872123,
2026-09-30T15:15:00-04:00,83751.4,83786.7,83605.2,83745.7,41.49831866194776,44.6673657935214,
2026-09-30T15:30:00-04:00,83745.7,83943.1,83740.3,83820.9,42.7400911082957,44.14988725317654,
2026-09-30T15:45:00-04:00,83820.9,83837,83491.2,83595.4,41.26975901544016,42.937401976585576,
2026-09-30T16:00:00-04:00,83595.4,83671.9,83522.7,83654.5,39.547329101319704,42.292176814512565,
2026-09-30T16:15:00-04:00,83654.5,83779.4,83594.7,83720.4,41.78382450157974,42.21436772266038,
2026-09-30T16:30:00-04:00,83720.4,83734.8,83629.9,83692.2,42.576405779728866,41.613498021197465,
2026-09-30T16:45:00-04:00,83692.2,83721.4,83634.7,83670.5,41.881376170026755,41.61424607547078,
2026-09-30T17:00:00-04:00,83670.5,83809.5,83670.5,83761.7,43.39012461024985,42.154014006426635,
2026-09-30T17:15:00-04:00,83761.7,83820.2,83725,83732.4,44.73173778779537,42.18328798389927,
2026-09-30T17:30:00-04:00,83732.4,83817.7,83711.2,83711.3,43.899407512251905,42.905342148372846,
2026-09-30T17:45:00-04:00,83711.3,83765.1,83708.1,83758.6,44.5985932550615,43.62650631353978,
2026-09-30T18:00:00-04:00,83758.6,83783.1,83575.1,83722.9,44.98063053767031,43.81871530154159,
2026-09-30T18:15:00-04:00,83722.9,83829,83702.9,83828.9,46.70672371474868,44.806597152116865,
2026-09-30T18:30:00-04:00,83828.9,83840.8,83794.6,83814.7,48.80441979457724,45.79672776569886,
2026-09-30T18:45:00-04:00,83814.7,83814.7,83681.7,83683.2,45.85759950721215,45.51158997982038,
2026-09-30T19:00:00-04:00,83683.2,83776.4,83632.5,83689.6,43.37362713098916,45.408696149468526,
2026-09-30T19:15:00-04:00,83689.6,83836.7,83659.9,83668.3,43.10038285206264,45.283297219766304,
2026-09-30T19:30:00-04:00,83668.3,83691.3,83524.3,83621.8,41.709146324973744,44.58313988372915,
2026-09-30T19:45:00-04:00,83621.8,83654.6,83547.1,83616.2,40.63475268181698,44.041617832379636,
2026-09-30T20:00:00-04:00,83616.2,83656.8,83459.3,83505,38.287721097546225,42.17771056452846,
2026-09-30T20:15:00-04:00,83505,83513.6,83415.9,83478.8,35.56878703743282,40.26000847319551,
2026-09-30T20:30:00-04:00,83478.8,83571.4,83441,83571.4,38.12057826601631,39.967133067043925,
2026-09-30T20:45:00-04:00,83571.4,83584.9,83487.9,83509.1,39.85369556706203,39.254313740644896,
2026-09-30T21:00:00-04:00,83509.1,83617.8,83494.6,83586.4,40.951123576889934,39.353058988423165,
2026-09-30T21:15:00-04:00,83586.4,83691,83529.4,83631.5,44.68488742393218,40.104525483204455,
2026-09-30T21:30:00-04:00,83631.5,83631.5,83471.8,83593.2,45.06684732704825,40.61937174420352,
2026-09-30T21:45:00-04:00,83593.2,83606.7,83507.4,83514.3,42.276699334933106,41.244233551029275,
2026-09-30T22:00:00-04:00,83514.3,83665.7,83505.5,83599.6,43.074241151574675,42.763787205386905,
2026-09-30T22:15:00-04:00,83599.6,83599.6,83432.7,83544.2,44.38073865646258,43.03285080544249,
2026-09-30T22:30:00-04:00,83544.2,83599.2,83436.8,83449.2,40.94988575386229,43.07698440161555,
2026-09-30T22:45:00-04:00,83449.2,83524.4,83412.7,83489.6,40.159363663139814,42.80663368722817,
2026-09-30T23:00:00-04:00,83489.6,83523.6,83431,83480.2,41.24506948186094,42.09417927530948,
2026-09-30T23:15:00-04:00,83480.2,83538.8,83446.6,83524.5,42.52878217366043,42.081472214831656,
2026-09-30T23:30:00-04:00,83524.5,83741.5,83465.3,83715.7,49.39229023450204,44.127205246614885,
2026-09-30T23:45:00-04:00,83715.7,83785.7,83646.1,83762.8,55.84672187579544,45.730752421751866,
2026-10-01T00:00:00-04:00,83762.8,83940.8,83759.3,83936.5,60.40955882712577,48.70686815251865,
2026-10-01T00:15:00-04:00,83936.5,83936.8,83719.1,83866.4,61.78820772959801,51.68455870053351,
2026-10-01T00:30:00-04:00,83866.4,83932,83781.2,83932,60.94482437332941,54.645571212572825,
2026-10-01T00:45:00-04:00,83932,84205.3,83928.1,84103.2,64.99184862087967,58.46935274025314,
2026-10-01T01:00:00-04:00,84103.2,84281.7,84020.4,84248,69.70662706465936,62.41066975285823,
2026-10-01T01:15:00-04:00,84248,84321.7,84239.9,84292.2,72.15480884548464,64.97292948624818,
2026-10-01T01:30:00-04:00,84292.2,84331.6,84207.9,84219.8,70.42721849596799,66.5765259300504,
2026-10-01T01:45:00-04:00,84219.8,84367.7,84219.8,84299.1,69.25422954901157,67.49997826392983,
2026-10-01T02:00:00-04:00,84299.1,84421.4,84242.1,84382,71.40235544371959,69.32342527694229,
2026-10-01T02:15:00-04:00,84382,84394,84306.9,84354.8,71.56974474226038,70.53566979791012,
2026-10-01T02:30:00-04:00,84354.8,84362.7,84117.4,84168,65.23143863930025,69.39187956791959,
2026-10-01T02:45:00-04:00,84168,84210.1,84123.5,84123.6,58.651178509403735,67.37697021069422,
2026-10-01T03:00:00-04:00,84123.6,84221.3,84055.7,84055.8,55.82745706105302,64.72692191522484,
2026-10-01T03:15:00-04:00,84055.8,84096.3,83327.5,83368.4,43.56082164405774,59.70085682443415,
2026-10-01T03:30:00-04:00,83368.4,83665.2,83345,83537.6,36.128532563661565,55.26243706226769,
2026-10-01T03:45:00-04:00,83537.6,83651.5,83393.8,83412.8,37.911137428269456,50.131937391448396,
2026-10-01T04:00:00-04:00,83412.8,83520.1,83327.5,83369.3,36.08485261749323,45.12389645519137,
2026-10-01T04:15:00-04:00,83369.3,83470,83338.8,83415.3,36.52533574762966,41.93019370811395,
2026-10-01T04:30:00-04:00,83415.3,83559.3,83147.6,83489.9,38.892915436014974,39.47867843422315,
2026-10-01T04:45:00-04:00,83489.9,83581.8,83412.3,83565.6,41.8062888945691,37.92414566054712,
2026-10-01T05:00:00-04:00,83565.6,83771.6,83556.2,83698,45.636956714741814,40.07185988299004,
2026-10-01T05:15:00-04:00,83698,83797.6,83679,83770.7,49.246111722769484,41.672025420292236,
2026-10-01T05:30:00-04:00,83770.7,83894.6,83770.7,83888.4,52.3601925031681,44.20016133296109,
2026-10-01T05:45:00-04:00,83888.4,83906.8,83749.1,83785.6,52.43299109400307,46.34292212786648,
2026-10-01T06:00:00-04:00,83785.6,83817.3,83422.8,83706.2,49.287434884330466,47.84647537201847,
2026-10-01T06:15:00-04:00,83706.2,83777.4,83553.8,83687.4,47.63683602368167,48.841185152914115,
2026-10-01T06:30:00-04:00,83687.4,83890.3,83687.4,83890.3,50.834346902471225,50.425920517133356,83630.27107735629
2026-10-01T06:45:00-04:00,83890.3,84108.6,83865.1,83973.9,55.62561910243977,51.695088692256384,83602.50372772169
2026-10-01T07:00:00-04:00,83973.9,83974,83816.5,83872.3,54.96189010684887,52.05900005544175,83783.83522422473
2026-10-01T07:15:00-04:00,83872.3,83885.1,83785.6,83885.1,53.23739776366518,51.945718766684124,83805.63009954558
2026-10-01T07:30:00-04:00,83885.1,83992.1,83801.1,83960.5,54.73155580156305,52.71573282903032,83807.55270870953
2026-10-01T07:45:00-04:00,83960.5,84049.9,83906.2,83917.3,55.09205616759362,53.60418199047359,83948.7093087059
2026-10-01T08:00:00-04:00,83917.3,84016.2,83917.3,84001.2,55.6443602310508,55.00359688827864,83889.68406851971
2026-10-01T08:15:00-04:00,84001.2,84001.3,83866.4,83911.8,55.15597289108978,54.83893227293603,83998.10432130392
2026-10-01T08:30:00-04:00,83911.8,84060.2,83841.4,83900.5,52.95083575079535,54.23937307352309,
2026-10-01T08:45:00-04:00,83900.5,83933.4,83657.1,83741.3,49.46105866453745,53.26726614656134,
2026-10-01T09:00:00-04:00,83741.3,83749.5,83500,83523.8,42.67404574135767,51.221272495720946,
2026-10-01T09:15:00-04:00,83523.8,83629.1,83454.8,83475.6,38.44003700713988,48.61254649101187,
2026-10-01T09:30:00-04:00,83475.6,83981.2,83462.7,83943.6,46.14105134376705,48.663842546056216,
2026-10-01T09:45:00-04:00,83943.6,84032.5,83673.8,83939.7,54.46694676035111,48.27614264224052,
2026-10-01T10:00:00-04:00,83939.7,84051.3,83550.1,83802.7,52.125198242086064,47.79790693205515,
2026-10-01T10:15:00-04:00,83802.7,84227.8,83792.4,84121.1,54.19125574870098,48.63054835592784,
2026-10-01T10:30:00-04:00,84121.1,84343.8,83988.6,84028.3,57.02459593834911,49.958917581715625,
2026-10-01T10:45:00-04:00,84028.3,84091.4,83768.7,84051.2,55.81651981390859,52.38554094808524,
2026-10-01T11:00:00-04:00,84051.2,84357.8,83824.7,84085.8,56.589184772844874,55.144388371917046,
2026-10-01T11:15:00-04:00,84085.8,84248.6,84052.1,84088.8,57.10432027870797,55.517903500925506,
2026-10-01T11:30:00-04:00,84088.8,84088.8,83824.1,83889.3,53.5596410564882,54.88515817081336,
2026-10-01T11:45:00-04:00,83889.3,84307.6,83885.9,84164.9,53.90905479158388,56.02757680078202,
2026-10-01T12:00:00-04:00,84164.9,84320,84137.9,84320,59.68168061839115,56.45385099072484,83928.43773059943
2026-10-01T12:15:00-04:00,84320,84418,84247.2,84290.1,60.9709402628417,57.15510375063705,84070.83972608639
2026-10-01T12:30:00-04:00,84290.1,84618,84192.2,84331.7,60.93757825552909,57.91701054547355,84104.19791650756
2026-10-01T12:45:00-04:00,84331.7,84416.5,84054.5,84199.9,58.95407357762955,57.830786266289806,84334.38143895904
2026-10-01T13:00:00-04:00,84199.9,84487.4,84192.8,84430.9,59.35247234236917,58.55933970651961,84277.16042128384
2026-10-01T13:15:00-04:00,84430.9,84928.7,84430.7,84923.7,66.66422625619967,61.574953466207354,84085.63577270161
2026-10-01T13:30:00-04:00,84923.7,85059.6,84778.9,85059.6,72.02074666890394,63.734108814325324,84261.18607427547
2026-10-01T13:45:00-04:00,85059.6,85088.5,84786.4,84906.4,70.2930009749609,64.60675928237013,84731.67154108742
2026-10-01T14:00:00-04:00,84906.4,84995.2,84688.2,84883.2,67.22728308003343,65.52163533352295,84840.97024043693
2026-10-01T14:15:00-04:00,84883.2,84948.8,84796.2,84799.1,65.35933570365619,65.8701185532636,
2026-10-01T14:30:00-04:00,84799.1,85272.9,84786.5,84959.6,65.38648012714748,67.35946577624236,
2026-10-01T14:45:00-04:00,84959.6,84965.4,84666.6,84798.8,64.137756828618,67.23734269219182,
2026-10-01T15:00:00-04:00,84798.8,84891,84728.2,84792,61.278042084509664,65.82055601290236,
2026-10-01T15:15:00-04:00,84792,84825.3,84595.4,84612.6,58.23701471693369,63.29913356305745,
2026-10-01T15:30:00-04:00,84612.6,84768.7,84573.9,84643.4,55.6988198130083,61.65078996663018,
2026-10-01T15:45:00-04:00,84643.4,84707.3,84579.3,84679.1,56.55370226321632,60.249539043966855,
2026-10-01T16:00:00-04:00,84679.1,84876,84671.7,84786.6,58.40498397089172,59.66383232869748,
2026-10-01T16:15:00-04:00,84786.6,84854.3,84736.6,84758.8,59.26280105262393,58.49991645124584,
2026-10-01T16:30:00-04:00,84758.8,84780.4,84603.8,84612.1,56.06118099847682,57.35623923437142,84922.18898979005
2026-10-01T16:45:00-04:00,84612.1,84675.3,84564.6,84634.8,53.735053436943296,56.344776837655445,84840.30677930634
2026-10-01T17:00:00-04:00,84634.8,84669.6,84615,84623,53.85904276410392,56.10539010499149,84816.88641982061
2026-10-01T17:15:00-04:00,84623,84691.8,84569,84590,52.98066238792047,55.56816043048749,84813.49580265506
2026-10-01T17:30:00-04:00,84590,84618.6,84480.9,84494.7,50.482362861100526,54.37072170438698,84860.55222482725
2026-10-01T17:45:00-04:00,84494.7,84570.2,84494.7,84545.7,49.64061767168792,53.06405577357212,84639.46187064236
2026-10-01T18:00:00-04:00,84545.7,84793.1,84539.2,84750.4,54.20643736989803,52.92604636646529,
2026-10-01T18:15:00-04:00,84750.4,84778.9,84701.1,84701.1,56.72699775049911,53.25428913129277,
2026-10-01T18:30:00-04:00,84701.1,84793.9,84659.4,84683.9,55.311781903211724,53.37654021397056,
2026-10-01T18:45:00-04:00,84683.9,84786.9,84626.1,84755.4,56.2125917633461,53.92673170250482,
2026-10-01T19:00:00-04:00,84755.4,84755.4,84668.3,84668.3,55.50191842525564,54.0968990817806,
2026-10-01T19:15:00-04:00,84668.3,84777.1,84641.3,84738.5,54.83161423138488,55.1693749511575,
2026-10-01T19:30:00-04:00,84738.5,84871,84705.2,84839.4,57.909551544212434,56.459451616787604,84652.88001279905
2026-10-01T19:45:00-04:00,84839.4,84906.7,84785.8,84881.1,60.37081422287581,56.930625480579714,84676.53553979304
2026-10-01T20:00:00-04:00,84881.1,84921.9,84772.4,84884.8,61.13196735120417,57.7180143598462,84744.87397210083
2026-10-01T20:15:00-04:00,84884.8,84955,84799.6,84799.6,58.88633569678305,57.95192656445723,84891.11470822565
2026-10-01T20:30:00-04:00,84799.6,84896.4,84701.4,84823.2,57.05474205616706,57.95862872922362,
2026-10-01T20:45:00-04:00,84823.2,84823.2,84722.2,84789.6,56.59330264591202,58.26375062750191,
2026-10-01T21:00:00-04:00,84789.6,84797,84663.7,84663.7,52.413254862952996,57.26766890967165,
2026-10-01T21:15:00-04:00,84663.7,84707.1,84516.7,84623.3,48.221635607253646,55.49577464551369,
2026-10-01T21:30:00-04:00,84623.3,84658.5,84574.9,84583.6,46.340930908883806,53.259130819959644,
2026-10-01T21:45:00-04:00,84583.6,84995.4,84578.2,84914.3,52.529743147953624,53.03799630172782,
2026-10-01T22:00:00-04:00,84914.3,85121.6,84864.8,85083,62.17658286753543,54.199201440174605,
2026-10-01T22:15:00-04:00,85083,85088.3,84874,84933.9,61.25726819397611,54.238718055387544,
2026-10-01T22:30:00-04:00,84933.9,84995.6,84865.9,84995.6,58.76592839995403,54.81995165561518,
2026-10-01T22:45:00-04:00,84995.6,85200,84995.3,85199.9,62.52515491502868,57.127832355980594,
2026-10-01T23:00:00-04:00,85199.9,85517.6,85195.7,85311.4,66.6387845081442,60.08199419872676,
2026-10-01T23:15:00-04:00,85311.4,85348,85205.3,85283.7,67.27595327326918,63.10926731723355,
2026-10-01T23:30:00-04:00,85283.7,85470.6,85276.7,85426.7,68.26035377203338,64.57645437703526,
2026-10-01T23:45:00-04:00,85426.7,85579.3,85386.8,85517.2,70.87176537479075,65.59360517644936,
2026-10-02T00:00:00-04:00,85517.2,85624.9,85455.7,85472.2,70.64620750990316,67.25900846730012,
2026-10-02T00:15:00-04:00,85472.2,86814.5,85472.2,86792,77.23852254282642,70.87148921727004,
2026-10-02T00:30:00-04:00,86792,86911.8,86381.8,86526,80.78074024755355,72.47488999087865,
2026-10-02T00:45:00-04:00,86526,86777.6,86464.4,86654.2,77.12745598120759,73.86825249528815,
2026-10-02T01:00:00-04:00,86654.2,86669.6,86500.1,86578.8,76.53124665935775,75.1192595297611,
2026-10-02T01:15:00-04:00,86578.8,86596.1,86288.6,86346.1,71.92602270757054,74.91558647687019,
2026-10-02T01:30:00-04:00,86346.1,86391.2,85891.7,86136,65.70552340938774,73.64319039678881,
2026-10-02T01:45:00-04:00,86136,86173.3,85963.5,86000.7,61.23755265657991,72.22739937592068,
2026-10-02T02:00:00-04:00,86000.7,86103.4,85882.2,85908.2,58.429741454177986,68.26925294288925,
2026-10-02T02:15:00-04:00,85908.2,86061.9,85908.1,86022.6,58.32721910440002,65.81210762073397,
2026-10-02T02:30:00-04:00,86022.6,86100,85930,86009.3,59.17449163588947,63.139834558512646,
2026-10-02T02:45:00-04:00,86009.3,86102.5,85948.8,85996,58.80873309071878,60.748532315408546,
2026-10-02T03:00:00-04:00,85996,86074,85898.8,85957.9,58.053515246435104,59.17626099818824,
2026-10-02T03:15:00-04:00,85957.9,85981.3,85891.6,85950.9,57.37727746166696,58.3690334732026,
2026-10-02T03:30:00-04:00,85950.9,85950.9,85760.3,85768.9,54.50691011732978,57.25322027268821,
2026-10-02T03:45:00-04:00,85768.9,86176.8,85768.9,86103.7,55.61549357818414,57.56496265149008,
2026-10-02T04:00:00-04:00,86103.7,86342.8,86046.3,86314.8,61.47431343295747,58.152390080847475,
2026-10-02T04:15:00-04:00,86314.8,86647.6,86306,86404,64.24518069471556,59.01373095401186,
2026-10-02T04:30:00-04:00,86404,86482.9,86256.3,86323.7,63.73196348464303,59.55902733625444,
2026-10-02T04:45:00-04:00,86323.7,86351.5,86187.3,86247.5,61.21657085579136,59.917461128113644,
2026-10-02T05:00:00-04:00,86247.5,86262,86129.7,86214.1,59.452196304145374,60.151861291248274,
2026-10-02T05:15:00-04:00,86214.1,86262.9,86113,86214.6,58.914539967505945,61.17678394244969,
2026-10-02T05:30:00-04:00,86214.6,86411.8,86179.1,86346.1,60.48993169169134,61.54455789510747,
2026-10-02T05:45:00-04:00,86346.1,86444.9,86285.1,86364.1,62.270612046616094,61.40429783206644,
2026-10-02T06:00:00-04:00,86364.1,86443.7,86322,86340.2,61.99215053911028,60.90083499350596,
2026-10-02T06:15:00-04:00,86340.2,86418.6,86173.6,86418,62.50513598033449,61.05377568797827,
2026-10-02T06:30:00-04:00,86418,86510.8,86351,86430.5,63.67086633899572,61.60206227442149,
2026-10-02T06:45:00-04:00,86430.5,86436.2,86285.2,86300.6,60.933018209142524,61.47686766083461,
2026-10-02T07:00:00-04:00,86300.6,86514.1,86275.6,86466,60.357544551722185,62.01434929848328,
2026-10-02T07:15:00-04:00,86466,86505.3,86424.6,86434.2,61.97992352657356,61.90257961365809,86478.83397452405
2026-10-02T07:30:00-04:00,86434.2,86557,86425.7,86501.2,62.21458892076096,61.99834269109609,86446.68096583501
2026-10-02T07:45:00-04:00,86501.2,86574.5,86422.4,86424.4,61.371028846206,61.7251162728283,86579.32882514568
2026-10-02T08:00:00-04:00,86424.4,86494.7,86312.5,86416.7,59.409439216902506,61.11385790154411,86525.37780855212
2026-10-02T08:15:00-04:00,86416.7,86672,86397.5,86628.8,62.33262804892129,61.34276247566418,86435.67154241167
2026-10-02T08:30:00-04:00,86628.8,87256.3,86417.9,86484.5,62.15288639838863,61.462391669900136,86700.82366888132
2026-10-02T08:45:00-04:00,86484.5,86906.6,86451.9,86819.5,62.99435180811315,62.09613597749018,86491.13699188674
2026-10-02T09:00:00-04:00,86819.5,86950.8,86669.1,86692.4,64.57720808359349,62.20447297190584,86693.5057693498
2026-10-02T09:15:00-04:00,86692.4,86759.2,86601.7,86604.8,60.38431060663966,61.573199316312675,
2026-10-02T09:30:00-04:00,86604.8,87156.9,86572,86904.8,62.119136255648996,62.418217946032414,
2026-10-02T09:45:00-04:00,86904.8,87005.2,86466.3,86571.2,60.12583342949348,61.777883377052945,
2026-10-02T10:00:00-04:00,86571.2,86845.5,86311.6,86346.1,51.828185674768136,59.41694869627436,
2026-10-02T10:15:00-04:00,86346.1,86646,86070.6,86076.5,45.95319221448117,57.14939932450796,
2026-10-02T10:30:00-04:00,86076.5,86175.6,85689.9,85948.9,41.74889545881523,53.346818310760675,
2026-10-02T10:45:00-04:00,85948.9,86050.7,85387,85680.9,38.15095943043402,49.5990425664624,
2026-10-02T11:00:00-04:00,85680.9,85756.7,85360.5,85638.3,35.452181442657434,46.223352835337174,
2026-10-02T11:15:00-04:00,85638.3,85693.8,85311.7,85484,33.86406852554082,41.52616607214577,
2026-10-02T11:30:00-04:00,85484,85567.7,85320.1,85344.8,31.57736844156951,38.066648553073186,
2026-10-02T11:45:00-04:00,85344.8,85457.3,85155.8,85333.5,30.444900645635933,35.41665606382229,
2026-10-02T12:00:00-04:00,85333.5,85509.3,85135.4,85210.9,29.43038546410233,33.34584662439352,
2026-10-02T12:15:00-04:00,85210.9,85344.9,85115.7,85179.4,28.263693143734343,31.56374111665632,
2026-10-02T12:30:00-04:00,85179.4,85241.6,85015.3,85194.3,28.329106235846986,30.53960285451151,
2026-10-02T12:45:00-04:00,85194.3,85307.9,85092.4,85166.8,28.396420316072167,29.54780936620338,
2026-10-02T13:00:00-04:00,85166.8,85268.8,84911.4,84919.2,26.224173458415997,28.356775692475846,
2026-10-02T13:15:00-04:00,84919.2,84982.9,84601.8,84616.1,22.423344335024318,26.93237390719047,
2026-10-02T13:30:00-04:00,84616.1,84790.9,84507.4,84614.5,20.55032459542432,25.52975396384395,
2026-10-02T13:45:00-04:00,84614.5,84825,84584.4,84784.7,24.149131381216826,25.423444169223185,
2026-10-02T14:00:00-04:00,84784.7,84907.9,84773.3,84894.3,29.896866851239388,25.99637502313111,
2026-10-02T14:15:00-04:00,84894.3,84894.3,84552.1,84628.7,29.89183789472073,25.869938928901398,
2026-10-02T14:30:00-04:00,84628.7,84638.1,83893.5,84044.2,24.404676712255416,24.85587685061204,84346.23592073067
2026-10-02T14:45:00-04:00,84044.2,84294.5,83875.3,84254.4,24.43066249457374,25.357507224946467,83876.70812997127
2026-10-02T15:00:00-04:00,84254.4,84311.2,84074.3,84129.9,27.081289181314915,26.1867182352665,84187.07665709232
2026-10-02T15:15:00-04:00,84129.9,84189.2,83967.8,84134.3,26.43596090675902,27.039117599613526,84162.66917700206
2026-10-02T15:30:00-04:00,84134.3,84233.4,84085.3,84182.6,27.34067277680203,27.098587205433695,83800.87886042768
2026-10-02T15:45:00-04:00,84182.6,84335.6,84152.2,84304.1,30.249937904993658,27.139995043543315,83043.13645760129
2026-10-02T16:00:00-04:00,84304.1,84470.1,84304.1,84367.2,33.3867451292899,28.097132129596314,83311.92405588865
2026-10-02T16:15:00-04:00,84367.2,84531.7,84327.4,84334.5,34.150840137748126,29.924613165112657,83734.4312187598
2026-10-02T16:30:00-04:00,84334.5,84445.4,84216.7,84231.5,32.92252979115778,30.523379928620326,84124.5199286306
2026-10-02T16:45:00-04:00,84231.5,84507.9,84221.4,84447.3,35.74902834068216,32.40111006778902,83373.21891763728
2026-10-02T17:00:00-04:00,84447.3,84536.8,84428.3,84487.4,40.16244712543413,34.44523313395607,83702.81198258343
2026-10-02T17:15:00-04:00,84487.4,84499.5,84414.9,84430,40.15814879850254,36.06324607398916,84089.60400229906
2026-10-02T17:30:00-04:00,84430,84550.4,84409.1,84515.8,40.99371045545605,37.514882434088186,83972.3724874251
2026-10-02T17:45:00-04:00,84515.8,84533.5,84499.6,84521.7,42.59296063147314,38.69359336032723,84192.35156810033
2026-10-02T18:00:00-04:00,84521.7,84548.7,84449.3,84531.8,42.88902634964944,40.01150706605999,84381.7637318644
2026-10-02T18:15:00-04:00,84531.8,84560,84470.5,84513.8,42.80780922258906,41.51795891216474,84460.88730650512
2026-10-02T18:30:00-04:00,84513.8,84548.8,84487.5,84506.1,42.412130188251155,41.91525045107971,84492.60236852866
2026-10-02T18:45:00-04:00,84506.1,84554.7,84498.2,84554.1,43.369191797509856,42.43417167561495,
2026-10-02T19:00:00-04:00,84554.1,84560.4,84474.5,84482.7,43.19202163255288,42.78207126080837,
2026-10-02T19:15:00-04:00,84482.7,84559.6,84474.5,84551.2,43.537985618950714,43.16110743661342,
2026-10-02T19:30:00-04:00,84551.2,84570.3,84509.1,84559.4,45.33530500384957,43.5655982243445,
2026-10-02T19:45:00-04:00,84559.4,84569.3,84512.8,84512.9,44.587082519640624,43.646266342325184,
2026-10-02T20:00:00-04:00,84512.9,84531.5,84447,84515.9,43.72574125094401,43.8278645181602,
2026-10-02T20:15:00-04:00,84515.9,84568,84515.8,84556.3,44.92820089768806,44.365143687878586,84465.02153841376
2026-10-02T20:30:00-04:00,84556.3,84653.8,84556.3,84622.1,47.81512604528446,45.0981314460958,84401.02785283458
2026-10-02T20:45:00-04:00,84622.1,84680,84619.6,84656.4,50.47368601601057,46.445619226009356,84403.20281448247
2026-10-02T21:00:00-04:00,84656.4,84685.2,84624.8,84653,51.27020374307486,47.30733662441698,84484.53506954234
2026-10-02T21:15:00-04:00,84653,84722.3,84602.7,84617.9,50.14454292603969,47.81968720377796,84593.41032193697
2026-10-02T21:30:00-04:00,84617.9,84664.7,84613.4,84630.2,49.495983671493214,48.70987981066059,84617.14206434623
2026-10-02T21:45:00-04:00,84630.2,84647.9,84614.7,84636.7,50.08770476653929,49.63739106537662,84634.51517876993
2026-10-02T22:00:00-04:00,84636.7,84641.5,84600.7,84614.4,49.538991422372064,50.02724853199887,
2026-10-02T22:15:00-04:00,84614.4,84674.7,84614.4,84640.9,49.73257884685818,50.18523472296912,
2026-10-02T22:30:00-04:00,84640.9,84701.6,84640.9,84676.4,51.943397226372454,50.447166020673706,84580.0694506839
2026-10-02T22:45:00-04:00,84676.4,84678.2,84600,84600,50.38947508031606,49.93359796218089,84686.4342242365
2026-10-02T23:00:00-04:00,84600,84619.8,84503.6,84529.8,45.3263002072285,49.070525243870506,84755.8366595591
2026-10-02T23:15:00-04:00,84529.8,84601.6,84529.7,84587.8,45.28545629644563,48.73059014073873,84620.0477992952
2026-10-02T23:30:00-04:00,84587.8,84656.2,84587.7,84656.2,49.85435113637541,49.0038527781094,84535.54337381395
2026-10-02T23:45:00-04:00,84656.2,84692,84650.3,84692,53.363196461057285,49.823220151791645,84505.41726700206
2026-10-03T00:00:00-04:00,84692,84722.2,84653.9,84653.9,53.08803492409577,49.962554514463,84575.42774307173
2026-10-03T00:15:00-04:00,84653.9,84654,84521.4,84521.4,47.42862940924101,48.5332864897541,84748.50960237901
2026-10-03T00:30:00-04:00,84521.4,84561.8,84515.3,84553.5,44.360169795646115,48.23989586170016,84689.45747054208
2026-10-03T00:45:00-04:00,84553.5,84602.5,84553.5,84576.5,46.36002358970878,48.828636027605604,84640.6308245151
2026-10-03T01:00:00-04:00,84576.5,84580,84546.9,84562,46.71402928631302,48.64805957309083,84620.41731036399
2026-10-03T01:15:00-04:00,84562,84618.4,84561.9,84618.4,48.34881505148461,48.39848286049393,84503.96606220774
2026-10-03T01:30:00-04:00,84618.4,84639,84618.3,84627.6,50.80271212960394,47.916492621247016,
2026-10-03T01:45:00-04:00,84627.6,84649.1,84615.7,84642.7,51.715586681447455,48.00635479116584,
2026-10-03T02:00:00-04:00,84642.7,84669.8,84620.1,84620.2,51.33899049135644,49.03373864470857,
2026-10-03T02:15:00-04:00,84620.2,84661.9,84620.1,84641.2,51.262850557592465,49.97854929457908,
2026-10-03T02:30:00-04:00,84641.2,84657,84611.4,84640.6,52.110101112093815,50.67661793681857,
2026-10-03T02:45:00-04:00,84640.6,84640.6,84537.4,84572.2,49.02126581625967,50.637759731706694,
2026-10-03T03:00:00-04:00,84572.2,84611.5,84556.3,84579.1,46.301347323995074,50.091627157535854,
2026-10-03T03:15:00-04:00,84579.1,84635.8,84577.5,84632,49.15716237775252,50.16760265974914,
2026-10-03T03:30:00-04:00,84632,84661.6,84572.6,84572.7,49.03236705383623,49.324992978218354,
2026-10-03T03:45:00-04:00,84572.7,84614.6,84556.4,84558.5,45.79685345421507,48.58413493485161,
2026-10-03T04:00:00-04:00,84558.5,84643.8,84554.9,84642.7,49.06062288609787,48.695785072077044,
2026-10-03T04:15:00-04:00,84642.7,84642.7,84563.2,84585.2,50.43627218686801,48.1058980990728,
2026-10-03T04:30:00-04:00,84585.2,84621.5,84573.6,84621.5,49.513705776614586,48.83648220360702,
2026-10-03T04:45:00-04:00,84621.5,84637,84606.9,84606.9,50.42806286669825,49.284959682702286,
2026-10-03T05:00:00-04:00,84606.9,84661.2,84606.9,84628.7,50.76384126099704,49.29553331310545,
2026-10-03T05:15:00-04:00,84628.7,84640,84583.4,84583.4,49.66318538986272,49.465193492995574,
2026-10-03T05:30:00-04:00,84583.4,84583.4,84567.3,84578.2,47.34556028975979,49.73802098040395,
2026-10-03T05:45:00-04:00,84578.2,84599,84575.1,84589.7,47.71756508448898,49.0814626925359,
2026-10-03T06:00:00-04:00,84589.7,84606.5,84579.5,84579.5,47.80608784502789,48.986539739878204,
2026-10-03T06:15:00-04:00,84579.5,84607.9,84559.6,84582.7,47.477657105804134,48.49973450087577,
2026-10-03T06:30:00-04:00,84582.7,84619.2,84582.7,84602,48.83466313965253,48.531282675008,
2026-10-03T06:45:00-04:00,84602,84634.2,84601.9,84625.8,51.40058550408461,48.681661427472214,
2026-10-03T07:00:00-04:00,84625.8,84643,84608,84634.1,53.28462507824537,49.565979728831614,
2026-10-03T07:15:00-04:00,84634.1,84648.3,84628.3,84648.3,54.61454825955955,50.7585151331293,
2026-10-03T07:30:00-04:00,84648.3,84657.4,84640.7,84651.8,55.67270582720196,51.83887708389246,
2026-10-03T07:45:00-04:00,84651.8,84690.9,84650.4,84662.9,56.586960796614804,53.267335976439846,
2026-10-03T08:00:00-04:00,84662.9,84692.6,84662.7,84692.5,59.072146371732586,55.15158830272917,
2026-10-03T08:15:00-04:00,84692.5,84911.5,84683.3,84846.7,67.1040941741912,58.487173414879464,
2026-10-03T08:30:00-04:00,84846.7,84909.6,84778.6,84812.7,70.7673004504569,60.6849354302641,
2026-10-03T08:45:00-04:00,84812.7,84922,84812.7,84876.9,70.17688353881658,63.31353297504266,
2026-10-03T09:00:00-04:00,84876.9,84892.4,84819.4,84847.9,70.0970473256805,65.10850659201294,
2026-10-03T09:15:00-04:00,84847.9,84848,84765.3,84811.1,65.54747114943908,66.13489449568183,
2026-10-03T09:30:00-04:00,84811.1,84960.1,84804.3,84830.7,63.81141576231241,67.17263658221225,
2026-10-03T09:45:00-04:00,84830.7,84872.8,84829.1,84855.9,65.48356329615055,67.96672790265839,
2026-10-03T10:00:00-04:00,84855.9,84855.9,84768.6,84791.2,62.20029851607958,65.77155210846607,
2026-10-03T10:15:00-04:00,84791.2,84837.4,84791.1,84814.4,58.966652580045505,64.595114225398,
2026-10-03T10:30:00-04:00,84814.4,84815.6,84741,84753.3,56.44070498738937,61.84692966520115,
2026-10-03T10:45:00-04:00,84753.3,84851.9,84753.3,84851.9,56.910242113882404,60.82745559345568,
2026-10-03T11:00:00-04:00,84851.9,84873.2,84773.8,84873.2,61.62714178906394,60.72683556223683,
2026-10-03T11:15:00-04:00,84873.2,84878.6,84818.9,84819,59.43796957144872,59.577899538923205,84882.84415920399
2026-10-03T11:30:00-04:00,84819,84844.8,84760.7,84819.4,56.525227283288096,58.16731098713326,84869.52834266916
2026-10-03T11:45:00-04:00,84819.4,84862.9,84819.2,84862.9,58.28725334947238,58.4598866341783,84823.42044858972
2026-10-03T12:00:00-04:00,84862.9,84862.9,84824.2,84824.2,57.887643861046755,57.85902278170506,
2026-10-03T12:15:00-04:00,84824.2,84824.3,84777.5,84808.3,54.88784299955738,58.016211780512016,84916.1531291717
2026-10-03T12:30:00-04:00,84808.3,84843.1,84808.3,84842.9,55.57389989628901,57.47721071953551,84833.61729507153
2026-10-03T12:45:00-04:00,84842.9,84875.7,84828.4,84862.1,57.94013381737746,56.96278093145874,84826.95927135574
2026-10-03T13:00:00-04:00,84862.1,84881.6,84862,84878.6,59.47545665762446,57.48792131558572,84828.43965563283
2026-10-03T13:15:00-04:00,84878.6,84957.8,84878.6,84880.1,60.251837719331114,58.027526770328166,84831.71589336898
2026-10-03T13:30:00-04:00,84880.1,84985.4,84824.9,84980,64.16969787833862,59.16861975240465,84782.71462775632
2026-10-03T13:45:00-04:00,84980,85011.2,84920,85003.8,68.77919569030641,61.13939872154521,84849.3469131121
2026-10-03T14:00:00-04:00,85003.8,85025.7,84966.5,84981.7,67.96307693420428,62.90440087658948,84936.30049145358
2026-10-03T14:15:00-04:00,84981.7,85020,84938.8,84981.6,66.38114781029748,64.22718383983334,84961.90368115222
2026-10-03T14:30:00-04:00,84981.6,84981.7,84915.2,84933.9,62.99535162735819,64.34874882229826,
2026-10-03T14:45:00-04:00,84933.9,84958.2,84923.1,84936.2,59.72305566823891,64.29792641429462,
2026-10-03T15:00:00-04:00,84936.2,84936.2,84835.3,84859.5,55.0773287672821,62.87031769314141,
2026-10-03T15:15:00-04:00,84859.5,84887.3,84820.1,84821.9,48.37851902450917,59.78616102748621,
2026-10-03T15:30:00-04:00,84821.9,84826.1,84773.7,84773.7,44.19113643622762,55.84515790626176,
2026-10-03T15:45:00-04:00,84773.7,84845.4,84689.6,84842.8,45.71441508023125,53.42940049777963,
2026-10-03T16:00:00-04:00,84842.8,84896.6,84842.8,84880.6,51.27096533284312,51.527962912703366,
2026-10-03T16:15:00-04:00,84880.6,84910,84863.5,84887.9,53.405120514718675,50.689334465596914,
2026-10-03T16:30:00-04:00,84887.9,84888,84838.1,84850.9,51.769798311416125,49.25560366789687,
2026-10-03T16:45:00-04:00,84850.9,84853.6,84703.2,84747.1,45.266387837436326,47.88620848564098,84973.47844370174
2026-10-03T17:00:00-04:00,84747.1,84770,84532.6,84687.2,38.671645248813704,46.48221116055531,85056.36704231032
2026-10-03T17:15:00-04:00,84687.2,84723.5,84687.2,84706.3,37.67147838393204,46.02344904212796,84893.98939897474
2026-10-03T17:30:00-04:00,84706.3,84723.7,84687.3,84700.3,38.52106366983493,44.42696790044208,84810.48158356128
2026-10-03T17:45:00-04:00,84700.3,84739,84689.6,84709.6,38.87232931522288,42.48098160852218,84732.17144578646
2026-10-03T18:00:00-04:00,84709.6,84790,84694.7,84785.6,43.673922290526484,41.64662555067288,
2026-10-03T18:15:00-04:00,84785.6,84790.6,84731,84775.3,47.42712869267439,41.240218860310264,
2026-10-03T18:30:00-04:00,84775.3,84795,84767,84789.2,47.69720000978975,42.341143314202434,
2026-10-03T18:45:00-04:00,84789.2,84810.6,84771.4,84771.5,47.543216357166294,43.77495346269671,
2026-10-03T19:00:00-04:00,84771.5,84787.3,84756.5,84757.7,45.932592397193666,44.701461603705745,
2026-10-03T19:15:00-04:00,84757.7,84809.9,84729.6,84741.5,44.38939185667149,45.45161865893572,
2026-10-03T19:30:00-04:00,84741.5,84795.2,84741.4,84787.7,46.430164762267715,46.86084316000427,
2026-10-03T19:45:00-04:00,84787.7,84799.8,84716.9,84756.1,47.58498721112795,46.569065779107575,84768.41692431478
2026-10-03T20:00:00-04:00,84756.1,84839.4,84756,84820,49.43628693734653,47.43488837276774,84662.04998113439
2026-10-03T20:15:00-04:00,84820,84872.5,84805.5,84805.5,52.1808444217999,47.8501070396819,84726.8989148589
2026-10-03T20:30:00-04:00,84805.5,84845.7,84803.7,84803.8,51.25176015035571,48.494472313679005,84759.62760587787
2026-10-03T20:45:00-04:00,84803.8,84849.1,84771.3,84799.3,50.86752739378121,49.260088467278344,84792.50318861325
2026-10-03T21:00:00-04:00,84799.3,84819.1,84772,84779,49.29250289285467,49.89536118115991,
2026-10-03T21:15:00-04:00,84779,84779,84724.4,84748.3,46.15783008035065,49.182278558159176,
2026-10-03T21:30:00-04:00,84748.3,84804,84748.3,84787.3,46.96175800280316,49.717295693067115,
2026-10-03T21:45:00-04:00,84787.3,84812.5,84787.2,84809.9,51.0197520419393,49.63469715947139,
2026-10-03T22:00:00-04:00,84809.9,84879.5,84809.9,84830.7,53.68167457151969,50.14610430727277,
2026-10-03T22:15:00-04:00,84830.7,84862.4,84802.6,84841,55.54724145617408,50.86197753256237,
2026-10-03T22:30:00-04:00,84841,84854.9,84800.5,84803.3,53.435531891983274,50.879819878187654,
2026-10-03T22:45:00-04:00,84803.3,84810.2,84787.6,84810.2,51.17187799332851,51.39894184698347,
2026-10-03T23:00:00-04:00,84810.2,84812.8,84804,84812.7,51.81055870886823,52.494885200621255,
2026-10-03T23:15:00-04:00,84812.7,84829.3,84791.8,84800.6,51.03699006654139,52.563293865194396,
2026-10-03T23:30:00-04:00,84800.6,84892,84800.6,84882.4,55.33003759139684,53.72639535760913,
2026-10-03T23:45:00-04:00,84882.4,84882.4,84843.7,84843.7,57.64442534877719,53.69550837298225,
2026-10-04T00:00:00-04:00,84843.7,84852.3,84816.2,84816.2,52.831620603923824,52.95050368553762,84864.98575898143
2026-10-04T00:15:00-04:00,84816.2,84819.2,84814.6,84815.8,50.9194800940559,52.976636430717285,84859.61380187407
2026-10-04T00:30:00-04:00,84815.8,84817.2,84815.8,84817.1,50.98431011841842,52.89691286413474,84851.49801392139
2026-10-04T00:45:00-04:00,84817.1,84817.2,84809.9,84817.2,51.084213159249614,52.76910913082626,84851.9149861395
2026-10-04T01:00:00-04:00,84817.2,84843.5,84817.1,84832.2,52.26255310383016,53.247073731931536,84812.57152201828
2026-10-04T01:15:00-04:00,84832.2,84870.2,84831.4,84859.7,55.443997546636275,52.80166911803753,
2026-10-04T01:30:00-04:00,84859.7,84922.4,84859.7,84922.3,61.17140620377958,54.25478254764651,
2026-10-04T01:45:00-04:00,84922.3,84959.3,84889.9,84890,62.017031860260126,55.426072334133615,
2026-10-04T02:00:00-04:00,84890,84923.4,84889.9,84914.1,60.50202941447759,56.992653782052706,
2026-10-04T02:15:00-04:00,84914.1,85060.8,84875.3,84954.7,63.908084214747724,59.11857921879908,
2026-10-04T02:30:00-04:00,84954.7,85033.1,84922.3,84960.1,66.21617268945086,61.31607079068158,
2026-10-04T02:45:00-04:00,84960.1,85071.6,84960,85028.3,69.34033664249301,63.997945944131324,
2026-10-04T03:00:00-04:00,85028.3,85028.3,84992.7,84992.8,69.04875671618981,65.20314483912544,
2026-10-04T03:15:00-04:00,84992.8,85009.1,84937.1,84973.7,64.30206609877789,64.89242019984512,
2026-10-04T03:30:00-04:00,84973.7,84973.8,84931.3,84973.4,62.68746234950994,65.39469640748254,
2026-10-04T03:45:00-04:00,84973.4,85112,84973.4,85109.3,67.97383445175802,67.0272216390681,84999.02961454645
2026-10-04T04:00:00-04:00,85109.3,85190,85095.6,85134.6,74.0066023042597,68.27998729020024,85027.52809129997
2026-10-04T04:15:00-04:00,85134.6,85198.3,85121.6,85137.7,74.81678492993845,69.48453942206456,85043.29315290843
2026-10-04T04:30:00-04:00,85137.7,85147.5,85038.6,85079.9,70.24975975594555,68.5398224654724,85213.48850775498
2026-10-04T04:45:00-04:00,85079.9,85118.5,85075.8,85109.9,66.7112083576391,68.81666846247865,
2026-10-04T05:00:00-04:00,85109.9,85136.3,85056,85136.2,68.75876171459288,69.81316406999098,
2026-10-04T05:15:00-04:00,85136.2,85288.7,85136.2,85264.6,73.22076092227871,71.82618234041257,85165.9488571391
2026-10-04T05:30:00-04:00,85264.6,85298,85196.1,85276,77.00640471267269,72.3938984302523,85181.26676191408
2026-10-04T05:45:00-04:00,85276,85332.1,85226.7,85235.1,74.25898243753008,71.8982909499184,85240.83288901325
2026-10-04T06:00:00-04:00,85235.1,85285.2,85223.5,85262.8,72.02874094035792,71.5973144332293,85259.59479281715
2026-10-04T06:15:00-04:00,85262.8,85432.1,85262.8,85381.9,75.5043525463197,73.39960317573959,85306.71764171291
2026-10-04T06:30:00-04:00,85381.9,85403.8,85296,85337.8,75.33585206811128,74.06149835050708,85479.6474298335
2026-10-04T06:45:00-04:00,85337.8,85343,85263.9,85274,68.74039988210184,73.39435693788501,
2026-10-04T07:00:00-04:00,85274,85277.3,85215.4,85269.2,64.75015738595158,71.64132591155645,
2026-10-04T07:15:00-04:00,85269.2,85329.8,85269.2,85324.5,66.13161688518592,70.2872747014602,
2026-10-04T07:30:00-04:00,85324.5,85329,85274.5,85277.6,65.13075102230134,69.03325979291967,
2026-10-04T07:45:00-04:00,85277.6,85315.5,85262.2,85315.4,63.67265549339071,67.89982171661242,
2026-10-04T08:00:00-04:00,85315.4,85394.5,85243,85243,61.10549958982449,64.9193018053496,
2026-10-04T08:15:00-04:00,85243,85308.6,85182.2,85278.4,58.57271015832319,63.11035259953011,
2026-10-04T08:30:00-04:00,85278.4,85302.7,85210.6,85210.6,56.628086403542284,61.45864081147545,
2026-10-04T08:45:00-04:00,85210.6,85226.4,85100.7,85126.3,50.13237629790423,58.93384371723088,
2026-10-04T09:00:00-04:00,85126.3,85168.3,85118.3,85168.2,48.4682212014812,56.41195633041696,
2026-10-04T09:15:00-04:00,85168.2,85233.1,85168.2,85228.3,52.32094827740565,55.2739000758321,
2026-10-04T09:30:00-04:00,85228.3,85326.5,85207.2,85227.8,54.492228819770006,53.78897728081105,
2026-10-04T09:45:00-04:00,85227.8,85302.4,85217.7,85244.4,55.09397237984618,53.556320872981146,
2026-10-04T10:00:00-04:00,85244.4,85250.9,85162.9,85215.7,54.366051615056804,52.58707483987779,
2026-10-04T10:15:00-04:00,85215.7,85215.8,85130,85186,51.655672749892716,52.1356312576527,85267.56177931442
2026-10-04T10:30:00-04:00,85186,85202.6,85130.3,85130.3,47.93634142925866,51.95963630597905,85360.86576485429
2026-10-04T10:45:00-04:00,85130.3,85284.6,85097.9,85284.5,51.52537759077191,53.00910451173575,85123.88766413029
2026-10-04T11:00:00-04:00,85284.5,85371.9,85235.1,85351.1,59.437076592757876,53.99281582465112,
2026-10-04T11:15:00-04:00,85351.1,85480,85281.2,85318.4,59.97107060563546,54.57448787912589,
2026-10-04T11:30:00-04:00,85318.4,85343.4,85281.5,85341.7,59.25713988515091,55.18229225473818,
2026-10-04T11:45:00-04:00,85341.7,85400,85252.6,85252.6,56.243660109510714,55.11094744896985,
2026-10-04T12:00:00-04:00,85252.6,85302.6,85177.9,85296.8,53.994276891756684,55.85046486669931,
2026-10-04T12:15:00-04:00,85296.8,85309.7,85199.7,85249.3,53.60813660318486,56.7314603558059,
2026-10-04T12:30:00-04:00,85249.3,85348.9,85249.2,85348.9,54.92372894903442,56.82142239763145,
2026-10-04T12:45:00-04:00,85348.9,85438.9,85331,85371.6,58.76071411624015,56.5382139339437,
2026-10-04T13:00:00-04:00,85371.6,85397.6,85318,85319.5,57.28137851067572,56.05293894192867,
2026-10-04T13:15:00-04:00,85319.5,85390,85319.4,85376.6,56.89972092642192,55.864665660021124,
2026-10-04T13:30:00-04:00,85376.6,85424.3,85328.8,85424.3,60.01294090116163,57.12987631097178,
2026-10-04T13:45:00-04:00,85424.3,85463.4,85314.9,85318.1,57.193741135141124,56.77879830098811,
2026-10-04T14:00:00-04:00,85318.1,85344.2,85308,85325.2,53.24355741319127,57.025710828116466,
2026-10-04T14:15:00-04:00,85325.2,85338.6,85302.6,85327.8,53.56035210553371,56.3892620599879,
2026-10-04T14:30:00-04:00,85327.8,85361.3,85314.2,85347,54.33132541848076,55.760171200185205,
2026-10-04T14:45:00-04:00,85347,85364.7,85329.9,85335,54.47913461144669,55.58862094592246,
2026-10-04T15:00:00-04:00,85335,85417,85334.9,85386.1,55.828614865457304,55.45414089705246,
2026-10-04T15:15:00-04:00,85386.1,85475,85386,85466.8,60.29511248044033,55.66924139714495,
2026-10-04T15:30:00-04:00,85466.8,85581.3,85403.9,85442.3,61.67040826147461,56.73318864743346,
2026-10-04T15:45:00-04:00,85442.3,85460.8,85423.6,85425.7,59.639118299699405,57.49654450757584,
2026-10-04T16:00:00-04:00,85425.7,85441.7,85394.6,85440,59.32297457574451,58.379652210350834,
2026-10-04T16:15:00-04:00,85440,85495.4,85439.9,85473.5,61.00729707621256,59.403964981213505,
2026-10-04T16:30:00-04:00,85473.5,85764.9,85443.4,85758.4,68.78569214273483,62.46724007643316,
2026-10-04T16:45:00-04:00,85758.4,85873.4,85711.9,85827,76.40931950500298,65.28416630679797,
2026-10-04T17:00:00-04:00,85827,86068.6,85783.1,86021.7,79.7149903442866,68.01577660896065,
2026-10-04T17:15:00-04:00,86021.7,86064.9,85791.6,85827.1,74.6647580448776,68.99683767348455,
2026-10-04T17:30:00-04:00,85827.1,86009,85826.2,85981.8,69.4999233437076,70.83314947867729,
2026-10-04T17:45:00-04:00,85981.8,86056.3,85981.8,86049.4,72.5025234467818,72.76242306520949,