time,open,high,low,close,Volume
2026-07-13T09:30:00-04:00,7547.52,7565.38,7544.19,7561.75,303422251
2026-07-13T10:00:00-04:00,7561.4,7564.91,7529.34,7556.9,196260606
2026-07-13T10:30:00-04:00,7557.1,7558.57,7536.19,7553.76,149901332
2026-07-13T11:00:00-04:00,7553.69,7556.82,7545.27,7549.84,123101745
2026-07-13T11:30:00-04:00,7550.09,7551.51,7537.27,7538.28,124898802
2026-07-13T12:00:00-04:00,7538.25,7543.71,7525.94,7528.69,131017906
2026-07-13T12:30:00-04:00,7528.79,7531.99,7514.65,7524.35,124183277
2026-07-13T13:00:00-04:00,7524.41,7531.9,7520.98,7523.53,107300096
2026-07-13T13:30:00-04:00,7523.64,7527.76,7517.7,7518.06,106849931
2026-07-13T14:00:00-04:00,7518.11,7527.47,7516.5,7518.12,109920727
2026-07-13T14:30:00-04:00,7518.19,7526.32,7515.49,7521.55,119057511
2026-07-13T15:00:00-04:00,7521.58,7525.43,7508.32,7509.22,149376081
2026-07-13T15:30:00-04:00,7509.41,7521.33,7506.42,7515.89,422712942
2026-07-13T16:00:00-04:00,7515.19,7516.18,7515.19,7515.33,518291906
2026-07-14T09:30:00-04:00,7536.69,7544.44,7520.78,7539.81,347982492
2026-07-14T10:00:00-04:00,7539.97,7540.63,7513.24,7533.85,189789687
2026-07-14T10:30:00-04:00,7533.71,7557.43,7531.06,7543.05,167359724
2026-07-14T11:00:00-04:00,7543.11,7556.76,7538.91,7552.93,162003280
2026-07-14T11:30:00-04:00,7553.07,7554.66,7533.01,7536.59,135292005
2026-07-14T12:00:00-04:00,7536.55,7536.89,7526.82,7534.45,116693576
2026-07-14T12:30:00-04:00,7534.38,7544.76,7532.23,7544.76,107573882
2026-07-14T13:00:00-04:00,7544.92,7551.94,7542.6,7549.57,98996966
2026-07-14T13:30:00-04:00,7549.53,7551.37,7544.38,7548.81,103056669
2026-07-14T14:00:00-04:00,7548.79,7554.16,7545.7,7551.17,116256141
2026-07-14T14:30:00-04:00,7551.16,7552.17,7545.09,7548.39,117096438
2026-07-14T15:00:00-04:00,7548.38,7551.04,7544.22,7547.67,139966048
2026-07-14T15:30:00-04:00,7547.64,7551.25,7543.36,7544.28,396049172
2026-07-14T16:00:00-04:00,7544.04,7544.39,7543.58,7543.58,536835043
2026-07-15T09:30:00-04:00,7571.71,7580.75,7557.35,7570.08,328653242
2026-07-15T10:00:00-04:00,7571.22,7581.49,7559.01,7571.84,218912738
2026-07-15T10:30:00-04:00,7571.54,7573.6,7552.97,7560.37,199399728
2026-07-15T11:00:00-04:00,7560.46,7567.54,7548.08,7561.98,170804024
2026-07-15T11:30:00-04:00,7561.87,7564.55,7548.84,7552.28,144115956
2026-07-15T12:00:00-04:00,7552.39,7553.94,7529.45,7533.68,164474792
2026-07-15T12:30:00-04:00,7533.68,7546.65,7526.94,7542.09,153866134
2026-07-15T13:00:00-04:00,7542.16,7553.91,7541.69,7553.91,123545906
2026-07-15T13:30:00-04:00,7553.93,7570.55,7553.74,7567.56,119382690
2026-07-15T14:00:00-04:00,7567.77,7574.12,7567.36,7572.26,126874929
2026-07-15T14:30:00-04:00,7572.27,7574.85,7556.49,7556.82,127706377
2026-07-15T15:00:00-04:00,7557.04,7564.53,7556.18,7561.24,159934342
2026-07-15T15:30:00-04:00,7561.55,7573.37,7556.7,7572.19,429976964
2026-07-15T16:00:00-04:00,7572.6,7572.78,7572.39,7572.39,597050180
2026-07-16T09:30:00-04:00,7558.79,7560.68,7531.73,7545.0,337460622
2026-07-16T10:00:00-04:00,7545.72,7570.37,7543.03,7570.01,196466138
2026-07-16T10:30:00-04:00,7570.18,7570.73,7558.42,7566.93,174081184
2026-07-16T11:00:00-04:00,7567.28,7570.22,7555.31,7563.98,160498639
2026-07-16T11:30:00-04:00,7564.05,7569.79,7556.14,7561.5,142223788
2026-07-16T12:00:00-04:00,7561.56,7561.74,7539.74,7544.39,151223023
2026-07-16T12:30:00-04:00,7544.48,7555.24,7542.46,7554.16,140128406
2026-07-16T13:00:00-04:00,7554.2,7554.52,7545.89,7552.84,126133948
2026-07-16T13:30:00-04:00,7552.83,7553.82,7535.71,7538.1,132665186
2026-07-16T14:00:00-04:00,7537.97,7542.52,7529.64,7534.15,155590158
2026-07-16T14:30:00-04:00,7534.76,7534.76,7525.19,7527.74,143496647
2026-07-16T15:00:00-04:00,7527.52,7532.95,7514.08,7516.26,191741509
2026-07-16T15:30:00-04:00,7516.03,7534.69,7504.03,7534.61,502782979
2026-07-16T16:00:00-04:00,7533.53,7533.9,7533.53,7533.76,596220988
2026-07-17T09:30:00-04:00,7447.51,7473.68,7431.27,7473.1,565617546
2026-07-17T10:00:00-04:00,7473.6,7498.44,7472.46,7488.84,254803261
2026-07-17T10:30:00-04:00,7488.88,7493.4,7473.57,7475.38,190189294
2026-07-17T11:00:00-04:00,7475.29,7480.83,7464.09,7479.72,159167309
2026-07-17T11:30:00-04:00,7479.74,7495.89,7470.35,7494.55,159320356
2026-07-17T12:00:00-04:00,7494.76,7496.92,7474.94,7485.18,157148940
2026-07-17T12:30:00-04:00,7485.02,7498.46,7481.35,7488.8,132394261
2026-07-17T13:00:00-04:00,7489.02,7496.81,7485.97,7494.49,142844907
2026-07-17T13:30:00-04:00,7494.85,7495.79,7469.33,7471.22,131424830
2026-07-17T14:00:00-04:00,7471.26,7477.06,7458.44,7462.23,130022900
2026-07-17T14:30:00-04:00,7462.31,7471.64,7456.63,7469.8,131946670
2026-07-17T15:00:00-04:00,7469.07,7469.45,7446.27,7456.62,162598472
2026-07-17T15:30:00-04:00,7456.7,7468.99,7451.92,7457.77,463195722
2026-07-17T16:00:00-04:00,7456.54,7457.73,7456.54,7457.68,607027433
2026-07-20T09:30:00-04:00,7489.19,7513.24,7481.53,7483.4,294796790
2026-07-20T10:00:00-04:00,7483.61,7489.01,7468.6,7482.85,173936209
2026-07-20T10:30:00-04:00,7482.5,7484.15,7462.38,7466.01,146615584
2026-07-20T11:00:00-04:00,7465.97,7484.83,7463.43,7484.34,156034733
2026-07-20T11:30:00-04:00,7484.33,7489.96,7476.61,7485.55,126272188
2026-07-20T12:00:00-04:00,7485.66,7495.52,7481.63,7490.74,118799798
2026-07-20T12:30:00-04:00,7490.69,7493.35,7473.22,7475.28,126544094
2026-07-20T13:00:00-04:00,7475.25,7477.14,7461.37,7466.83,111962742
2026-07-20T13:30:00-04:00,7466.87,7473.96,7461.74,7471.1,118496342
2026-07-20T14:00:00-04:00,7471.13,7479.07,7466.94,7470.53,111690804
2026-07-20T14:30:00-04:00,7470.61,7470.61,7449.55,7452.86,130345095
2026-07-20T15:00:00-04:00,7452.72,7457.01,7440.54,7452.13,163418225
2026-07-20T15:30:00-04:00,7452.43,7458.52,7441.33,7444.72,408930447
2026-07-20T16:00:00-04:00,7444.71,7444.71,7443.27,7443.27,509909884
2026-07-21T09:30:00-04:00,7489.96,7492.51,7467.87,7478.62,333388035
2026-07-21T10:00:00-04:00,7479.22,7494.78,7473.16,7493.79,179617273
2026-07-21T10:30:00-04:00,7494.24,7496.9,7483.04,7492.71,154769776
2026-07-21T11:00:00-04:00,7492.72,7505.14,7483.01,7504.71,155261315
2026-07-21T11:30:00-04:00,7504.83,7505.13,7499.13,7499.51,139889694
2026-07-21T12:00:00-04:00,7499.58,7512.64,7499.24,7511.46,131390985
2026-07-21T12:30:00-04:00,7511.45,7515.3,7509.53,7511.77,121854212
2026-07-21T13:00:00-04:00,7511.85,7513.81,7507.99,7509.33,117416170
2026-07-21T13:30:00-04:00,7509.34,7514.51,7507.91,7511.52,107090182
2026-07-21T14:00:00-04:00,7511.48,7512.94,7505.91,7507.44,115603929
2026-07-21T14:30:00-04:00,7507.55,7511.93,7504.61,7509.03,126532652
2026-07-21T15:00:00-04:00,7509.0,7509.87,7506.01,7507.65,154615719
2026-07-21T15:30:00-04:00,7507.42,7512.05,7506.39,7507.31,419231352
2026-07-21T16:00:00-04:00,7507.96,7509.24,7507.96,7509.19,528896030
2026-07-22T09:30:00-04:00,7497.46,7513.23,7485.84,7513.23,361415816
2026-07-22T10:00:00-04:00,7513.22,7519.21,7496.93,7498.99,190712451
2026-07-22T10:30:00-04:00,7499.11,7505.51,7492.1,7505.09,162298253
2026-07-22T11:00:00-04:00,7504.87,7522.23,7504.2,7519.79,168056313
2026-07-22T11:30:00-04:00,7519.9,7523.04,7513.18,7522.99,140670490
2026-07-22T12:00:00-04:00,7523.04,7525.34,7520.47,7524.12,132534335
2026-07-22T12:30:00-04:00,7524.23,7525.93,7520.56,7523.87,118342274
2026-07-22T13:00:00-04:00,7523.87,7525.22,7515.42,7516.17,116874943
2026-07-22T13:30:00-04:00,7516.11,7519.33,7509.67,7510.09,122592876
2026-07-22T14:00:00-04:00,7510.16,7512.6,7505.82,7510.24,128318667
2026-07-22T14:30:00-04:00,7510.26,7511.08,7505.78,7509.72,136765492
2026-07-22T15:00:00-04:00,7509.7,7510.02,7501.37,7504.83,182445368
2026-07-22T15:30:00-04:00,7504.98,7507.2,7498.28,7499.43,456862677
2026-07-22T16:00:00-04:00,7498.49,7499.25,7498.49,7498.95,548354263
2026-07-23T09:30:00-04:00,7418.28,7450.11,7408.23,7421.4,423973843
2026-07-23T10:00:00-04:00,7421.54,7434.09,7414.06,7422.95,231558114
2026-07-23T10:30:00-04:00,7422.13,7430.39,7404.07,7407.03,195609447
2026-07-23T11:00:00-04:00,7407.02,7408.02,7382.01,7383.22,201132609
2026-07-23T11:30:00-04:00,7383.06,7402.34,7375.99,7402.03,166147866
2026-07-23T12:00:00-04:00,7402.1,7420.7,7399.95,7418.4,151350755
2026-07-23T12:30:00-04:00,7419.0,7421.32,7402.77,7410.6,139679430
2026-07-23T13:00:00-04:00,7410.48,7415.66,7403.22,7412.43,117157489
2026-07-23T13:30:00-04:00,7412.25,7412.25,7395.91,7396.25,117139292
2026-07-23T14:00:00-04:00,7396.17,7398.58,7392.09,7398.28,128619191
2026-07-23T14:30:00-04:00,7398.2,7400.66,7390.27,7394.45,130369044
2026-07-23T15:00:00-04:00,7394.5,7402.55,7388.91,7398.84,165535389
2026-07-23T15:30:00-04:00,7398.91,7410.05,7381.64,7408.17,506528611
2026-07-23T16:00:00-04:00,7406.35,7408.31,7406.35,7408.29,631775091
2026-07-24T09:30:00-04:00,7406.29,7423.0,7397.86,7399.52,355358554
2026-07-24T10:00:00-04:00,7399.4,7422.16,7397.57,7415.93,205666140
2026-07-24T10:30:00-04:00,7415.72,7430.01,7397.58,7429.68,191150250
2026-07-24T11:00:00-04:00,7429.75,7454.52,7419.53,7448.95,181504748
2026-07-24T11:30:00-04:00,7449.17,7456.57,7444.13,7453.64,141125726
2026-07-24T12:00:00-04:00,7453.73,7460.97,7450.25,7455.57,129686805
2026-07-24T12:30:00-04:00,7455.55,7455.65,7432.0,7439.05,115241180
2026-07-24T13:00:00-04:00,7438.88,7441.87,7427.06,7441.2,110618185
2026-07-24T13:30:00-04:00,7441.27,7445.53,7433.23,7433.9,110732421
2026-07-24T14:00:00-04:00,7433.91,7436.45,7413.85,7413.97,123020083
2026-07-24T14:30:00-04:00,7413.88,7415.04,7400.13,7407.45,149719280
2026-07-24T15:00:00-04:00,7407.29,7412.02,7396.52,7399.98,198189242
2026-07-24T15:30:00-04:00,7399.88,7414.05,7399.53,7412.87,489999243
2026-07-24T16:00:00-04:00,7412.18,7412.18,7411.94,7411.97,465075999
2026-07-27T09:30:00-04:00,7464.21,7480.58,7441.19,7441.19,339772492
2026-07-27T10:00:00-04:00,7441.17,7444.76,7405.51,7406.14,240075750
2026-07-27T10:30:00-04:00,7406.28,7421.44,7388.34,7420.43,228253994
2026-07-27T11:00:00-04:00,7420.17,7426.98,7402.59,7405.93,183469953
2026-07-27T11:30:00-04:00,7405.85,7405.85,7386.56,7397.93,146989971
2026-07-27T12:00:00-04:00,7397.84,7419.77,7392.17,7410.94,140823674
2026-07-27T12:30:00-04:00,7411.09,7417.07,7390.24,7394.45,127159630
2026-07-27T13:00:00-04:00,7394.38,7394.73,7382.74,7385.49,114927751
2026-07-27T13:30:00-04:00,7385.5,7401.67,7385.34,7401.24,122490191
2026-07-27T14:00:00-04:00,7401.4,7403.1,7393.84,7399.63,112691271
2026-07-27T14:30:00-04:00,7399.86,7415.74,7390.29,7414.31,132051463
2026-07-27T15:00:00-04:00,7414.29,7421.29,7409.11,7420.39,170198450
2026-07-27T15:30:00-04:00,7420.58,7422.05,7407.9,7413.42,446834441
2026-07-27T16:00:00-04:00,7413.72,7413.72,7413.16,7413.17,558716925
2026-07-28T09:30:00-04:00,7395.54,7413.24,7382.96,7387.81,490193764
2026-07-28T10:00:00-04:00,7387.52,7405.47,7385.62,7399.9,302106674
2026-07-28T10:30:00-04:00,7399.88,7420.98,7394.46,7409.94,243044288
2026-07-28T11:00:00-04:00,7409.72,7443.1,7403.16,7435.21,219173730
2026-07-28T11:30:00-04:00,7435.17,7448.54,7434.15,7446.06,184925853
2026-07-28T12:00:00-04:00,7446.03,7447.91,7436.49,7436.49,151364528
2026-07-28T12:30:00-04:00,7436.37,7452.08,7432.83,7450.02,133833153
2026-07-28T13:00:00-04:00,7450.11,7451.74,7435.1,7436.85,128051552
2026-07-28T13:30:00-04:00,7436.77,7443.24,7429.2,7435.67,127259049
2026-07-28T14:00:00-04:00,7435.6,7438.73,7427.94,7429.08,136956414
2026-07-28T14:30:00-04:00,7429.24,7439.44,7428.51,7438.18,143047794
2026-07-28T15:00:00-04:00,7438.11,7443.47,7436.49,7440.29,190486043
2026-07-28T15:30:00-04:00,7440.32,7440.74,7427.25,7427.25,546146874
2026-07-28T16:00:00-04:00,7430.26,7430.26,7428.77,7428.77,597196171
2026-07-29T09:30:00-04:00,7418.15,7426.39,7389.64,7396.79,375782650
2026-07-29T10:00:00-04:00,7397.41,7406.09,7366.23,7372.63,232963230
2026-07-29T10:30:00-04:00,7372.86,7380.93,7361.47,7371.3,200810839
2026-07-29T11:00:00-04:00,7371.31,7379.33,7366.3,7366.94,171293192
2026-07-29T11:30:00-04:00,7367.07,7372.85,7353.62,7360.61,162909331
2026-07-29T12:00:00-04:00,7360.31,7363.11,7341.24,7361.35,164588906
2026-07-29T12:30:00-04:00,7361.35,7371.44,7351.97,7371.38,136987903
2026-07-29T13:00:00-04:00,7371.47,7395.63,7370.76,7381.45,139478492
2026-07-29T13:30:00-04:00,7381.17,7387.32,7376.09,7387.23,131458447
2026-07-29T14:00:00-04:00,7387.24,7418.67,7387.24,7396.59,202932521
2026-07-29T14:30:00-04:00,7396.67,7450.83,7384.8,7442.96,221572699
2026-07-29T15:00:00-04:00,7443.38,7449.85,7366.98,7375.16,261429247
2026-07-29T15:30:00-04:00,7375.09,7380.64,7313.93,7320.22,610101073
2026-07-29T16:00:00-04:00,7317.43,7318.51,7316.14,7316.14,571028666
2026-07-30T09:30:00-04:00,7390.46,7411.68,7371.66,7410.97,517043428
2026-07-30T10:00:00-04:00,7412.21,7417.35,7398.38,7410.87,306267462
2026-07-30T10:30:00-04:00,7411.14,7415.87,7381.25,7386.73,235669001
2026-07-30T11:00:00-04:00,7386.95,7392.54,7370.99,7373.07,201419789
2026-07-30T11:30:00-04:00,7372.95,7400.96,7371.64,7395.73,166870318
2026-07-30T12:00:00-04:00,7395.68,7416.35,7393.56,7411.93,152792684
2026-07-30T12:30:00-04:00,7411.95,7415.66,7401.95,7413.95,136793635
2026-07-30T13:00:00-04:00,7414.04,7426.05,7414.04,7421.14,121220604
2026-07-30T13:30:00-04:00,7421.28,7427.74,7416.48,7421.9,120207951
2026-07-30T14:00:00-04:00,7422.02,7428.13,7421.52,7427.79,132240069
2026-07-30T14:30:00-04:00,7427.86,7431.71,7424.14,7431.22,132879619
2026-07-30T15:00:00-04:00,7431.24,7448.76,7431.12,7441.77,187805997
2026-07-30T15:30:00-04:00,7441.8,7443.92,7433.41,7437.52,518752793
2026-07-30T16:00:00-04:00,7440.76,7440.76,7437.62,7437.62,623490865
2026-07-31T09:30:00-04:00,7462.14,7489.51,7439.65,7443.4,442980539
2026-07-31T10:00:00-04:00,7443.72,7447.31,7399.82,7428.29,253501728
2026-07-31T10:30:00-04:00,7428.3,7452.2,7425.43,7448.81,181138871
2026-07-31T11:00:00-04:00,7448.65,7453.7,7423.8,7425.2,164987400
2026-07-31T11:30:00-04:00,7425.47,7455.77,7421.77,7454.06,147099616
2026-07-31T12:00:00-04:00,7454.08,7467.36,7448.75,7467.18,120180055
2026-07-31T12:30:00-04:00,7467.45,7473.62,7463.56,7470.25,124538502
2026-07-31T13:00:00-04:00,7470.13,7487.44,7468.97,7486.78,138885234
2026-07-31T13:30:00-04:00,7486.78,7489.04,7475.75,7477.82,120666222
2026-07-31T14:00:00-04:00,7477.92,7487.81,7476.64,7483.44,125374297
2026-07-31T14:30:00-04:00,7483.38,7488.43,7480.18,7485.07,113252695
2026-07-31T15:00:00-04:00,7484.88,7502.52,7481.69,7498.17,170026278
2026-07-31T15:30:00-04:00,7498.07,7512.03,7488.03,7489.51,491999525
2026-07-31T16:00:00-04:00,7490.14,7490.19,7489.7,7489.71,821053001
2026-08-03T09:30:00-04:00,7504.79,7561.13,7504.79,7561.13,418659384
2026-08-03T10:00:00-04:00,7560.98,7572.44,7555.16,7569.75,228285837
2026-08-03T10:30:00-04:00,7569.99,7578.8,7568.07,7578.69,192271810
2026-08-03T11:00:00-04:00,7578.52,7581.75,7572.41,7575.38,172438638
2026-08-03T11:30:00-04:00,7575.12,7586.72,7575.07,7584.39,143066035
2026-08-03T12:00:00-04:00,7584.35,7590.38,7582.48,7590.31,136364008
2026-08-03T12:30:00-04:00,7590.44,7590.58,7584.41,7586.46,120910302
2026-08-03T13:00:00-04:00,7586.86,7596.16,7584.74,7595.13,118435733
2026-08-03T13:30:00-04:00,7595.15,7602.42,7594.48,7601.18,114839290
2026-08-03T14:00:00-04:00,7600.99,7608.0,7599.21,7600.04,125621527
2026-08-03T14:30:00-04:00,7600.15,7607.02,7598.01,7603.59,131448844
2026-08-03T15:00:00-04:00,7603.59,7610.03,7603.59,7607.42,175826342
2026-08-03T15:30:00-04:00,7607.49,7609.14,7598.73,7599.96,480179168
2026-08-03T16:00:00-04:00,7600.62,7600.66,7600.46,7600.49,575922859
2026-08-04T09:30:00-04:00,7630.61,7659.0,7629.1,7658.21,470354511
2026-08-04T10:00:00-04:00,7659.1,7678.28,7655.73,7669.85,251305178
2026-08-04T10:30:00-04:00,7669.92,7688.72,7666.09,7687.9,215339855
2026-08-04T11:00:00-04:00,7687.98,7703.14,7686.6,7698.35,183463530
2026-08-04T11:30:00-04:00,7698.42,7713.24,7695.46,7708.85,168675935
2026-08-04T12:00:00-04:00,7708.89,7717.21,7706.45,7716.12,144702394
2026-08-04T12:30:00-04:00,7716.2,7726.79,7714.63,7726.03,160264951
2026-08-04T13:00:00-04:00,7726.06,7739.66,7725.62,7736.61,145210403
2026-08-04T13:30:00-04:00,7736.69,7754.48,7733.98,7740.59,140466340
2026-08-04T14:00:00-04:00,7740.36,7748.17,7735.61,7747.62,147257596
2026-08-04T14:30:00-04:00,7747.82,7748.83,7738.96,7744.89,148407516
2026-08-04T15:00:00-04:00,7744.9,7755.56,7744.9,7747.28,200455491
2026-08-04T15:30:00-04:00,7747.68,7758.22,7734.97,7735.59,492544830
2026-08-04T16:00:00-04:00,7737.37,7737.69,7736.33,7736.51,802518124
2026-08-05T09:30:00-04:00,7771.61,7793.67,7768.84,7791.12,429239065
2026-08-05T10:00:00-04:00,7791.02,7791.02,7771.64,7771.99,231666766
2026-08-05T10:30:00-04:00,7772.06,7774.37,7751.74,7758.73,197682782
2026-08-05T11:00:00-04:00,7758.62,7763.3,7735.89,7741.36,172123809
2026-08-05T11:30:00-04:00,7741.29,7749.36,7727.07,7730.3,151091100
2026-08-05T12:00:00-04:00,7730.1,7744.89,7722.35,7744.71,159203245
2026-08-05T12:30:00-04:00,7744.75,7745.94,7736.27,7742.08,118453658
2026-08-05T13:00:00-04:00,7742.15,7745.04,7734.34,7736.97,110982655
2026-08-05T13:30:00-04:00,7737.02,7743.48,7734.44,7739.28,110640772
2026-08-05T14:00:00-04:00,7739.33,7745.86,7739.15,7742.71,110966026
2026-08-05T14:30:00-04:00,7742.88,7743.35,7735.79,7737.69,118980144
2026-08-05T15:00:00-04:00,7737.75,7744.1,7736.78,7741.62,155595377
2026-08-05T15:30:00-04:00,7741.75,7742.69,7720.18,7722.11,483268562
2026-08-05T16:00:00-04:00,7723.12,7723.56,7723.12,7723.54,597183094
2026-08-06T09:30:00-04:00,7713.78,7738.99,7713.78,7732.0,362392819
2026-08-06T10:00:00-04:00,7731.68,7742.86,7725.03,7727.4,225203717
2026-08-06T10:30:00-04:00,7727.99,7734.41,7719.55,7733.51,180143484
2026-08-06T11:00:00-04:00,7733.63,7735.64,7709.89,7715.62,163015921
2026-08-06T11:30:00-04:00,7716.11,7721.12,7703.63,7704.62,140648935
2026-08-06T12:00:00-04:00,7704.8,7709.22,7698.16,7705.74,127682621
2026-08-06T12:30:00-04:00,7705.74,7713.82,7702.74,7713.36,114797140
2026-08-06T13:00:00-04:00,7713.53,7715.65,7701.5,7701.5,107585619
2026-08-06T13:30:00-04:00,7701.66,7710.07,7700.99,7710.03,105001657
2026-08-06T14:00:00-04:00,7710.12,7720.55,7708.81,7717.77,125694870
2026-08-06T14:30:00-04:00,7717.73,7718.06,7709.29,7712.93,118005898
2026-08-06T15:00:00-04:00,7713.04,7721.46,7709.45,7709.85,160185115
2026-08-06T15:30:00-04:00,7710.15,7713.19,7700.63,7711.37,448965372
2026-08-06T16:00:00-04:00,7710.0,7710.13,7709.93,7709.95,530958413
2026-08-07T09:30:00-04:00,7735.19,7747.64,7728.18,7734.0,368761877
2026-08-07T10:00:00-04:00,7733.54,7756.09,7719.18,7754.53,225233787
2026-08-07T10:30:00-04:00,7755.12,7756.9,7741.11,7751.98,172897971
2026-08-07T11:00:00-04:00,7752.03,7762.44,7747.91,7759.99,146374623
2026-08-07T11:30:00-04:00,7760.01,7763.08,7752.98,7754.89,124130329
2026-08-07T12:00:00-04:00,7755.04,7757.76,7737.64,7740.66,112057266
2026-08-07T12:30:00-04:00,7740.74,7752.26,7734.64,7743.72,98845858
2026-08-07T13:00:00-04:00,7743.6,7747.68,7741.75,7745.28,96905277
2026-08-07T13:30:00-04:00,7745.32,7748.23,7741.62,7745.34,94107089
2026-08-07T14:00:00-04:00,7745.36,7746.36,7738.22,7738.54,99064101
2026-08-07T14:30:00-04:00,7738.46,7740.68,7732.92,7740.68,110448585
2026-08-07T15:00:00-04:00,7740.78,7757.7,7740.78,7754.93,142071269
2026-08-07T15:30:00-04:00,7754.95,7761.87,7748.88,7755.6,418283699
2026-08-07T16:00:00-04:00,7756.45,7757.65,7756.45,7757.63,476946156
2026-08-10T09:30:00-04:00,7751.75,7761.43,7748.41,7758.02,353670144
2026-08-10T10:00:00-04:00,7758.34,7768.2,7757.98,7767.68,204702121
2026-08-10T10:30:00-04:00,7767.65,7773.77,7758.65,7758.65,160343316
2026-08-10T11:00:00-04:00,7758.74,7764.99,7756.28,7760.42,140569628
2026-08-10T11:30:00-04:00,7760.5,7767.26,7755.07,7766.66,123408239
2026-08-10T12:00:00-04:00,7766.82,7768.07,7756.53,7756.54,112561037
2026-08-10T12:30:00-04:00,7756.51,7757.72,7743.12,7752.94,131079451
2026-08-10T13:00:00-04:00,7752.86,7755.62,7748.26,7754.17,98285143
2026-08-10T13:30:00-04:00,7754.13,7755.92,7748.1,7750.13,91764999
2026-08-10T14:00:00-04:00,7750.21,7753.44,7748.57,7748.64,96199429
2026-08-10T14:30:00-04:00,7748.76,7755.96,7746.79,7754.91,98713643
2026-08-10T15:00:00-04:00,7754.78,7757.01,7751.95,7752.07,127331702
2026-08-10T15:30:00-04:00,7752.13,7755.32,7745.84,7753.14,408902610
2026-08-10T16:00:00-04:00,7752.85,7753.16,7752.85,7753.1,530924593
2026-08-11T09:30:00-04:00,7767.5,7767.5,7748.83,7759.55,306796486
2026-08-11T10:00:00-04:00,7759.19,7763.98,7755.98,7762.17,183386500
2026-08-11T10:30:00-04:00,7762.09,7763.6,7754.83,7759.32,146793862
2026-08-11T11:00:00-04:00,7759.36,7761.29,7745.33,7747.58,121144539
2026-08-11T11:30:00-04:00,7747.56,7748.87,7740.89,7743.38,117909914
2026-08-11T12:00:00-04:00,7743.33,7747.13,7737.44,7741.13,103859468
2026-08-11T12:30:00-04:00,7741.11,7743.14,7733.86,7734.22,96958296
2026-08-11T13:00:00-04:00,7734.38,7735.37,7725.79,7732.09,92005164
2026-08-11T13:30:00-04:00,7731.94,7736.57,7730.47,7735.07,86258857
2026-08-11T14:00:00-04:00,7735.19,7735.22,7717.24,7717.67,99077309
2026-08-11T14:30:00-04:00,7717.73,7727.14,7717.73,7723.56,105358235
2026-08-11T15:00:00-04:00,7723.57,7729.83,7721.18,7728.98,132260371
2026-08-11T15:30:00-04:00,7729.09,7733.8,7720.7,7727.4,380205237
2026-08-11T16:00:00-04:00,7727.8,7728.21,7727.8,7728.19,513753201
2026-08-12T09:30:00-04:00,7765.45,7766.02,7744.04,7749.89,369214196
2026-08-12T10:00:00-04:00,7749.65,7755.72,7741.71,7750.46,198440748
2026-08-12T10:30:00-04:00,7750.59,7753.95,7737.96,7744.92,165229770
2026-08-12T11:00:00-04:00,7744.8,7746.14,7740.01,7745.65,123744081
2026-08-12T11:30:00-04:00,7745.82,7746.75,7738.07,7742.6,119023264
2026-08-12T12:00:00-04:00,7742.51,7749.13,7742.4,7747.31,108795743
2026-08-12T12:30:00-04:00,7747.31,7754.87,7744.7,7752.33,103425037
2026-08-12T13:00:00-04:00,7752.35,7755.63,7749.13,7751.07,102968252
2026-08-12T13:30:00-04:00,7751.22,7753.02,7749.6,7751.27,104397472
2026-08-12T14:00:00-04:00,7751.22,7755.41,7750.27,7753.41,112628581
2026-08-12T14:30:00-04:00,7753.46,7758.95,7753.33,7753.42,125773955
2026-08-12T15:00:00-04:00,7753.28,7756.45,7750.68,7752.05,139612526
2026-08-12T15:30:00-04:00,7752.11,7752.7,7742.93,7748.7,397587469
2026-08-12T16:00:00-04:00,7748.59,7748.59,7748.48,7748.49,478079222
2026-08-13T09:30:00-04:00,7763.17,7800.18,7763.17,7799.7,336277393
2026-08-13T10:00:00-04:00,7799.49,7815.55,7797.63,7815.08,195100252
2026-08-13T10:30:00-04:00,7814.89,7816.71,7797.36,7800.9,158257936
2026-08-13T11:00:00-04:00,7800.91,7805.1,7782.34,7784.19,157852893
2026-08-13T11:30:00-04:00,7784.19,7786.37,7776.93,7777.86,128312881
2026-08-13T12:00:00-04:00,7777.87,7787.82,7777.71,7787.82,110817952
2026-08-13T12:30:00-04:00,7787.81,7790.79,7785.04,7790.03,89206392
2026-08-13T13:00:00-04:00,7789.95,7797.44,7789.48,7794.02,103508513
2026-08-13T13:30:00-04:00,7794.11,7795.26,7789.62,7790.26,103227526
2026-08-13T14:00:00-04:00,7790.22,7794.28,7789.85,7792.34,94177178
2026-08-13T14:30:00-04:00,7792.37,7802.3,7792.37,7800.42,145801967
2026-08-13T15:00:00-04:00,7800.4,7806.93,7800.1,7802.56,157336916
2026-08-13T15:30:00-04:00,7802.71,7804.85,7796.25,7798.85,418453025
2026-08-13T16:00:00-04:00,7799.74,7799.74,7798.98,7798.98,473957121
2026-08-14T09:30:00-04:00,7806.59,7808.43,7797.8,7806.27,273364080
2026-08-14T10:00:00-04:00,7807.05,7810.02,7792.4,7795.32,174099552
2026-08-14T10:30:00-04:00,7795.5,7796.08,7789.31,7789.31,132797473
2026-08-14T11:00:00-04:00,7789.19,7792.27,7780.07,7784.39,119771216
2026-08-14T11:30:00-04:00,7784.31,7786.32,7779.89,7783.64,122347585
2026-08-14T12:00:00-04:00,7783.81,7789.61,7782.64,7788.62,89491401
2026-08-14T12:30:00-04:00,7788.65,7788.72,7778.11,7778.38,80509914
2026-08-14T13:00:00-04:00,7778.43,7782.55,7778.04,7779.08,72821211
2026-08-14T13:30:00-04:00,7779.03,7781.14,7776.3,7779.94,82191405
2026-08-14T14:00:00-04:00,7780.05,7784.68,7778.87,7780.87,90675811
2026-08-14T14:30:00-04:00,7780.92,7786.46,7779.91,7783.4,89712339
2026-08-14T15:00:00-04:00,7783.43,7785.19,7780.75,7783.32,112118452
2026-08-14T15:30:00-04:00,7783.37,7786.18,7781.05,7786.0,352974996
2026-08-14T16:00:00-04:00,7786.05,7786.05,7785.57,7785.75,411627195
2026-08-17T09:30:00-04:00,7790.69,7790.69,7772.6,7774.04,281924679
2026-08-17T10:00:00-04:00,7775.34,7778.67,7771.0,7774.47,160417393
2026-08-17T10:30:00-04:00,7774.59,7776.71,7769.74,7773.79,150386755
2026-08-17T11:00:00-04:00,7773.63,7779.29,7772.79,7777.91,135581178
2026-08-17T11:30:00-04:00,7777.99,7778.59,7768.22,7774.22,111569218
2026-08-17T12:00:00-04:00,7774.27,7776.52,7771.27,7773.55,101445112
2026-08-17T12:30:00-04:00,7773.43,7774.39,7766.99,7767.76,89268458
2026-08-17T13:00:00-04:00,7767.85,7768.1,7755.52,7756.39,106238147
2026-08-17T13:30:00-04:00,7756.29,7758.98,7751.82,7754.7,98316094
2026-08-17T14:00:00-04:00,7754.6,7758.56,7753.64,7756.47,105258973
2026-08-17T14:30:00-04:00,7756.48,7758.83,7753.14,7755.82,106861526
2026-08-17T15:00:00-04:00,7755.94,7756.23,7751.6,7751.72,132466783
2026-08-17T15:30:00-04:00,7751.62,7753.15,7744.89,7746.13,384175769
2026-08-17T16:00:00-04:00,7746.22,7746.22,7745.04,7745.05,526392090
2026-08-18T09:30:00-04:00,7700.03,7713.94,7698.75,7704.79,328141197
2026-08-18T10:00:00-04:00,7704.05,7712.34,7696.15,7706.96,191524982
2026-08-18T10:30:00-04:00,7706.67,7712.11,7696.87,7698.94,160956784
2026-08-18T11:00:00-04:00,7699.3,7703.23,7693.89,7698.92,151642535
2026-08-18T11:30:00-04:00,7698.79,7706.15,7695.9,7703.65,113436843
2026-08-18T12:00:00-04:00,7703.72,7708.49,7701.64,7702.22,95745832
2026-08-18T12:30:00-04:00,7702.21,7708.98,7701.21,7706.71,88885289
2026-08-18T13:00:00-04:00,7706.55,7707.83,7700.76,7702.98,87873556
2026-08-18T13:30:00-04:00,7703.12,7703.83,7695.98,7695.98,94218804
2026-08-18T14:00:00-04:00,7695.87,7705.43,7694.27,7703.72,110184772
2026-08-18T14:30:00-04:00,7703.74,7704.05,7696.96,7696.99,109371157
2026-08-18T15:00:00-04:00,7696.9,7701.53,7695.73,7699.91,134542950
2026-08-18T15:30:00-04:00,7699.93,7701.75,7688.64,7693.25,426001834
2026-08-18T16:00:00-04:00,7693.1,7693.1,7691.75,7691.75,542379960
2026-08-19T09:30:00-04:00,7716.75,7726.28,7700.08,7719.77,414780361
2026-08-19T10:00:00-04:00,7719.56,7721.58,7706.46,7719.9,257602245
2026-08-19T10:30:00-04:00,7719.99,7741.84,7718.18,7741.49,197228624
2026-08-19T11:00:00-04:00,7741.34,7743.94,7729.19,7730.31,164962386
2026-08-19T11:30:00-04:00,7731.27,7731.36,7720.8,7726.12,132146467
2026-08-19T12:00:00-04:00,7726.08,7739.37,7724.4,7727.68,124854548
2026-08-19T12:30:00-04:00,7727.12,7727.12,7715.19,7717.04,106396998
2026-08-19T13:00:00-04:00,7716.89,7721.62,7710.3,7715.31,106284240
2026-08-19T13:30:00-04:00,7715.35,7718.4,7711.73,7715.21,101410723
2026-08-19T14:00:00-04:00,7715.25,7724.51,7709.53,7715.39,115545196
2026-08-19T14:30:00-04:00,7715.42,7720.24,7714.44,7714.56,128592317
2026-08-19T15:00:00-04:00,7714.66,7719.89,7713.92,7716.13,156691911
2026-08-19T15:30:00-04:00,7716.04,7722.73,7701.26,7708.02,432977721
2026-08-19T16:00:00-04:00,7709.92,7709.92,7707.97,7707.97,523735138
2026-08-20T09:30:00-04:00,7690.48,7697.21,7679.1,7685.43,352740577
2026-08-20T10:00:00-04:00,7684.88,7688.46,7672.46,7681.12,197194378
2026-08-20T10:30:00-04:00,7681.05,7693.66,7678.59,7691.03,155602391
2026-08-20T11:00:00-04:00,7690.84,7699.95,7679.14,7685.72,162618676
2026-08-20T11:30:00-04:00,7686.01,7687.05,7671.15,7677.41,131353551
2026-08-20T12:00:00-04:00,7677.35,7679.57,7673.24,7676.39,106192763
2026-08-20T12:30:00-04:00,7676.35,7684.88,7672.4,7683.02,98827321
2026-08-20T13:00:00-04:00,7682.89,7682.99,7665.89,7666.06,99694852
2026-08-20T13:30:00-04:00,7666.1,7668.47,7661.53,7663.99,97949444
2026-08-20T14:00:00-04:00,7664.08,7664.08,7649.91,7654.01,109041098
2026-08-20T14:30:00-04:00,7653.98,7656.32,7650.58,7650.98,115395911
2026-08-20T15:00:00-04:00,7650.83,7656.19,7650.36,7653.22,144776853
2026-08-20T15:30:00-04:00,7653.2,7654.69,7639.0,7642.2,412574822
2026-08-20T16:00:00-04:00,7643.52,7643.52,7641.15,7641.15,501098475
2026-08-21T09:30:00-04:00,7665.69,7678.15,7660.82,7664.23,427922091
2026-08-21T10:00:00-04:00,7663.84,7673.97,7662.75,7665.09,200282107
2026-08-21T10:30:00-04:00,7665.05,7676.71,7660.05,7676.68,164238160
2026-08-21T11:00:00-04:00,7676.68,7682.08,7673.35,7677.96,144151078
2026-08-21T11:30:00-04:00,7677.98,7697.1,7677.29,7690.7,134508032
2026-08-21T12:00:00-04:00,7690.6,7691.39,7677.72,7683.4,105999667
2026-08-21T12:30:00-04:00,7683.52,7684.14,7676.92,7682.52,101024022
2026-08-21T13:00:00-04:00,7682.67,7683.66,7675.64,7677.0,97119830
2026-08-21T13:30:00-04:00,7676.9,7677.21,7673.0,7673.0,107707263
2026-08-21T14:00:00-04:00,7673.0,7676.1,7671.45,7671.64,107151403
2026-08-21T14:30:00-04:00,7671.65,7680.47,7669.53,7680.25,97236125
2026-08-21T15:00:00-04:00,7680.17,7682.15,7677.07,7679.23,134045642
2026-08-21T15:30:00-04:00,7679.04,7686.29,7672.5,7674.09,369908187
2026-08-21T16:00:00-04:00,7674.91,7674.91,7674.28,7674.36,532557935
2026-08-24T09:30:00-04:00,7663.37,7663.47,7638.16,7651.75,320993980
2026-08-24T10:00:00-04:00,7652.38,7657.51,7642.44,7647.66,170292960
2026-08-24T10:30:00-04:00,7647.56,7659.1,7646.23,7654.49,147382313
2026-08-24T11:00:00-04:00,7654.37,7657.79,7642.19,7655.37,131182097
2026-08-24T11:30:00-04:00,7655.36,7665.22,7652.82,7663.06,125846050
2026-08-24T12:00:00-04:00,7663.2,7670.31,7662.7,7667.09,106164446
2026-08-24T12:30:00-04:00,7667.17,7667.91,7659.18,7659.73,95576270
2026-08-24T13:00:00-04:00,7659.67,7665.46,7651.56,7652.02,94769310
2026-08-24T13:30:00-04:00,7652.12,7653.19,7648.85,7651.01,95484307
2026-08-24T14:00:00-04:00,7650.94,7666.5,7650.88,7666.38,98478630
2026-08-24T14:30:00-04:00,7666.24,7668.87,7658.17,7658.2,99268412
2026-08-24T15:00:00-04:00,7658.15,7660.21,7656.46,7657.91,122864871
2026-08-24T15:30:00-04:00,7657.77,7660.66,7650.92,7652.81,355946396
2026-08-24T16:00:00-04:00,7653.02,7653.02,7652.84,7652.85,520879756
2026-08-25T09:30:00-04:00,7676.65,7686.1,7673.8,7676.46,287818815
2026-08-25T10:00:00-04:00,7676.21,7676.73,7664.95,7664.95,161756382
2026-08-25T10:30:00-04:00,7664.94,7668.83,7650.91,7664.72,141869939
2026-08-25T11:00:00-04:00,7664.8,7671.96,7661.18,7671.74,118041001
2026-08-25T11:30:00-04:00,7671.53,7675.13,7663.84,7672.86,115108063
2026-08-25T12:00:00-04:00,7672.73,7676.36,7671.42,7675.52,90280778
2026-08-25T12:30:00-04:00,7675.49,7677.7,7671.43,7675.89,83696096
2026-08-25T13:00:00-04:00,7675.89,7676.26,7664.51,7665.79,87748986
2026-08-25T13:30:00-04:00,7665.82,7669.47,7665.11,7668.24,96920628
2026-08-25T14:00:00-04:00,7668.24,7668.71,7665.2,7667.83,94378113
2026-08-25T14:30:00-04:00,7667.86,7676.62,7667.86,7674.5,100477440
2026-08-25T15:00:00-04:00,7674.46,7676.29,7666.91,7670.03,122383700
2026-08-25T15:30:00-04:00,7670.0,7680.55,7668.21,7675.72,350961853
2026-08-25T16:00:00-04:00,7676.63,7677.29,7676.63,7677.27,477568575
2026-08-26T09:30:00-04:00,7666.89,7686.99,7662.91,7686.93,297535501
2026-08-26T10:00:00-04:00,7688.37,7688.37,7666.33,7669.44,164850691
2026-08-26T10:30:00-04:00,7669.13,7677.48,7667.58,7676.73,135206590
2026-08-26T11:00:00-04:00,7676.65,7682.54,7673.39,7676.6,120586225
2026-08-26T11:30:00-04:00,7676.53,7681.03,7670.05,7671.06,111933163
2026-08-26T12:00:00-04:00,7671.3,7672.78,7665.6,7665.63,92490135
2026-08-26T12:30:00-04:00,7665.77,7667.09,7657.4,7665.09,87601797
2026-08-26T13:00:00-04:00,7665.1,7674.63,7664.15,7673.94,82267154
2026-08-26T13:30:00-04:00,7673.95,7676.28,7672.31,7674.23,90164544
2026-08-26T14:00:00-04:00,7674.26,7677.74,7671.62,7674.36,90440032
2026-08-26T14:30:00-04:00,7674.45,7683.78,7673.66,7683.14,101264189
2026-08-26T15:00:00-04:00,7683.14,7690.74,7682.52,7686.47,128223078
2026-08-26T15:30:00-04:00,7686.46,7688.78,7672.81,7676.28,358106865
2026-08-26T16:00:00-04:00,7676.32,7676.32,7675.69,7675.69,491548676
2026-08-27T09:30:00-04:00,7710.33,7715.08,7689.9,7702.45,415256939
2026-08-27T10:00:00-04:00,7702.71,7716.89,7699.02,7714.14,221260070
2026-08-27T10:30:00-04:00,7714.46,7722.21,7708.32,7721.33,173157750
2026-08-27T11:00:00-04:00,7721.39,7728.99,7720.2,7720.44,141550101
2026-08-27T11:30:00-04:00,7720.91,7726.67,7711.63,7723.9,122982029
2026-08-27T12:00:00-04:00,7723.96,7727.15,7721.48,7727.0,111441086
2026-08-27T12:30:00-04:00,7726.96,7738.3,7726.39,7737.96,106787070
2026-08-27T13:00:00-04:00,7738.0,7741.26,7734.89,7735.13,106874162
2026-08-27T13:30:00-04:00,7735.19,7738.48,7729.9,7730.6,102896689
2026-08-27T14:00:00-04:00,7730.59,7731.85,7711.37,7712.37,110005734
2026-08-27T14:30:00-04:00,7712.35,7719.64,7710.18,7715.39,110304241
2026-08-27T15:00:00-04:00,7715.29,7721.12,7713.92,7717.68,142806145
2026-08-27T15:30:00-04:00,7717.68,7732.15,7716.71,7730.1,387251978
2026-08-27T16:00:00-04:00,7728.66,7731.0,7728.66,7730.98,521542511
2026-08-28T09:30:00-04:00,7735.16,7747.38,7733.98,7736.92,293094557
2026-08-28T10:00:00-04:00,7738.37,7748.26,7715.86,7730.36,193447658
2026-08-28T10:30:00-04:00,7730.43,7768.38,7728.17,7767.84,148550151
2026-08-28T11:00:00-04:00,7768.37,7771.47,7756.56,7767.91,137101425
2026-08-28T11:30:00-04:00,7768.0,7768.17,7726.41,7728.81,142217824
2026-08-28T12:00:00-04:00,7728.5,7734.32,7709.78,7714.11,133920294
2026-08-28T12:30:00-04:00,7713.8,7724.54,7713.66,7715.14,112484953
2026-08-28T13:00:00-04:00,7715.07,7715.07,7701.36,7707.08,126914594
2026-08-28T13:30:00-04:00,7706.81,7715.13,7704.77,7713.31,106089473
2026-08-28T14:00:00-04:00,7713.41,7715.39,7707.14,7708.35,105160647
2026-08-28T14:30:00-04:00,7708.42,7713.04,7700.9,7704.31,112406262
2026-08-28T15:00:00-04:00,7704.58,7713.48,7702.48,7712.55,134063264
2026-08-28T15:30:00-04:00,7712.71,7716.15,7707.73,7709.89,380458559
2026-08-28T16:00:00-04:00,7711.24,7711.77,7711.24,7711.75,459962433
2026-08-31T09:30:00-04:00,7697.51,7697.51,7673.33,7679.3,314596719
2026-08-31T10:00:00-04:00,7679.53,7680.26,7665.07,7667.0,176320280
2026-08-31T10:30:00-04:00,7667.0,7681.62,7665.82,7677.5,147205613
2026-08-31T11:00:00-04:00,7677.63,7681.6,7671.93,7677.03,125689436
2026-08-31T11:30:00-04:00,7677.22,7680.58,7671.25,7671.49,110448090
2026-08-31T12:00:00-04:00,7671.69,7676.79,7668.03,7676.67,98590732
2026-08-31T12:30:00-04:00,7676.76,7677.39,7669.57,7676.72,96548711
2026-08-31T13:00:00-04:00,7676.61,7678.07,7671.79,7672.38,93967428
2026-08-31T13:30:00-04:00,7672.36,7685.35,7669.76,7682.56,99199764
2026-08-31T14:00:00-04:00,7682.64,7685.74,7678.78,7680.79,110852004
2026-08-31T14:30:00-04:00,7680.87,7681.56,7668.31,7674.1,120277423
2026-08-31T15:00:00-04:00,7674.08,7684.57,7674.08,7683.59,147012515
2026-08-31T15:30:00-04:00,7683.39,7696.32,7679.4,7684.36,469398509
2026-08-31T16:00:00-04:00,7685.44,7686.81,7685.44,7686.13,1188633103
2026-09-01T09:30:00-04:00,7635.46,7640.59,7627.88,7636.08,330258472
2026-09-01T10:00:00-04:00,7635.76,7656.51,7633.99,7653.78,185420581
2026-09-01T10:30:00-04:00,7653.82,7661.7,7649.94,7651.68,157611385
2026-09-01T11:00:00-04:00,7651.79,7652.95,7643.28,7652.74,141903579
2026-09-01T11:30:00-04:00,7652.9,7663.64,7651.77,7659.84,122617267
2026-09-01T12:00:00-04:00,7659.76,7660.35,7639.59,7641.87,120345221
2026-09-01T12:30:00-04:00,7642.0,7642.86,7632.92,7639.61,110058673
2026-09-01T13:00:00-04:00,7639.58,7639.58,7626.1,7633.15,103787229
2026-09-01T13:30:00-04:00,7633.15,7638.54,7631.45,7634.7,95996314
2026-09-01T14:00:00-04:00,7634.88,7636.6,7627.13,7628.27,145742702
2026-09-01T14:30:00-04:00,7628.39,7628.84,7611.21,7623.52,143854933
2026-09-01T15:00:00-04:00,7623.53,7632.12,7622.93,7630.2,152135457
2026-09-01T15:30:00-04:00,7630.43,7632.59,7621.79,7632.59,400983005
2026-09-01T16:00:00-04:00,7632.38,7632.38,7631.44,7631.46,522515924
2026-09-02T09:30:00-04:00,7634.57,7647.07,7633.63,7646.9,316405365
2026-09-02T10:00:00-04:00,7647.15,7672.24,7645.34,7669.85,219450651
2026-09-02T10:30:00-04:00,7670.0,7681.01,7666.55,7669.96,159865493
2026-09-02T11:00:00-04:00,7670.02,7680.36,7668.92,7680.11,145303559
2026-09-02T11:30:00-04:00,7680.1,7681.2,7666.44,7675.55,127647990
2026-09-02T12:00:00-04:00,7675.59,7676.22,7664.11,7664.98,120143653
2026-09-02T12:30:00-04:00,7665.12,7669.63,7663.82,7665.93,104918873
2026-09-02T13:00:00-04:00,7665.99,7671.16,7660.94,7663.07,99459290
2026-09-02T13:30:00-04:00,7663.36,7668.85,7660.03,7667.81,108656420
2026-09-02T14:00:00-04:00,7667.88,7676.73,7663.88,7669.61,124636007
2026-09-02T14:30:00-04:00,7669.57,7671.47,7662.48,7664.08,119580299
2026-09-02T15:00:00-04:00,7664.14,7671.34,7663.48,7671.24,150265063
2026-09-02T15:30:00-04:00,7670.9,7671.28,7664.12,7667.44,399623562
2026-09-02T16:00:00-04:00,7666.79,7667.08,7666.56,7666.59,504764139
2026-09-03T09:30:00-04:00,7686.7,7716.7,7686.7,7711.24,345215082
2026-09-03T10:00:00-04:00,7713.47,7713.47,7691.4,7703.51,203378253
2026-09-03T10:30:00-04:00,7703.31,7709.24,7692.22,7709.03,167514400
2026-09-03T11:00:00-04:00,7709.0,7745.85,7709.0,7745.68,151710801
2026-09-03T11:30:00-04:00,7745.64,7749.45,7739.39,7749.45,123328279
2026-09-03T12:00:00-04:00,7749.69,7749.69,7738.92,7741.0,114737420
2026-09-03T12:30:00-04:00,7741.06,7748.65,7739.72,7745.6,100461464
2026-09-03T13:00:00-04:00,7745.7,7746.26,7737.61,7742.63,104115088
2026-09-03T13:30:00-04:00,7742.63,7751.27,7742.56,7748.68,113623821
2026-09-03T14:00:00-04:00,7748.69,7756.77,7748.69,7754.13,115526561
2026-09-03T14:30:00-04:00,7754.06,7755.55,7750.89,7753.39,113720524
2026-09-03T15:00:00-04:00,7753.4,7753.68,7747.71,7750.54,146953679
2026-09-03T15:30:00-04:00,7750.52,7752.05,7744.24,7747.79,399806280
2026-09-03T16:00:00-04:00,7747.71,7747.72,7747.56,7747.7,479017926
2026-09-04T09:30:00-04:00,7750.18,7750.18,7733.94,7740.44,341783019
2026-09-04T10:00:00-04:00,7741.57,7741.57,7723.77,7728.0,201845646
2026-09-04T10:30:00-04:00,7728.1,7728.48,7709.27,7710.72,158017565
2026-09-04T11:00:00-04:00,7710.96,7715.32,7706.17,7710.43,135396508
2026-09-04T11:30:00-04:00,7710.4,7716.25,7706.11,7715.32,118186149
2026-09-04T12:00:00-04:00,7715.2,7726.84,7714.11,7722.25,106978763
2026-09-04T12:30:00-04:00,7722.2,7728.75,7721.32,7724.84,95035251
2026-09-04T13:00:00-04:00,7724.9,7725.17,7713.89,7714.15,91378519
2026-09-04T13:30:00-04:00,7714.14,7714.14,7707.0,7709.78,90731608
2026-09-04T14:00:00-04:00,7709.88,7715.32,7707.88,7714.05,98166297
2026-09-04T14:30:00-04:00,7714.16,7719.13,7713.61,7718.11,97884824
2026-09-04T15:00:00-04:00,7718.17,7719.36,7711.63,7715.57,123166550
2026-09-04T15:30:00-04:00,7715.49,7720.02,7712.18,7717.8,386383159
2026-09-04T16:00:00-04:00,7717.86,7718.61,7717.86,7718.59,480726029
2026-09-08T09:30:00-04:00,7717.8,7717.8,7683.75,7690.9,371670560
2026-09-08T10:00:00-04:00,7690.85,7692.44,7675.7,7682.36,205928767
2026-09-08T10:30:00-04:00,7682.34,7694.22,7680.1,7691.68,165438080
2026-09-08T11:00:00-04:00,7692.01,7699.33,7689.35,7693.86,164117893
2026-09-08T11:30:00-04:00,7693.81,7696.0,7689.08,7689.51,132144024
2026-09-08T12:00:00-04:00,7689.54,7693.16,7683.58,7686.59,121425777
2026-09-08T12:30:00-04:00,7686.59,7690.72,7681.29,7684.38,109142038
2026-09-08T13:00:00-04:00,7684.44,7696.17,7684.41,7689.91,99478879
2026-09-08T13:30:00-04:00,7689.99,7694.07,7688.79,7690.38,101698653
2026-09-08T14:00:00-04:00,7690.34,7694.22,7690.32,7693.0,99665841
2026-09-08T14:30:00-04:00,7692.92,7693.1,7673.04,7682.93,145019406
2026-09-08T15:00:00-04:00,7683.03,7685.98,7679.89,7684.38,155775444
2026-09-08T15:30:00-04:00,7684.31,7686.9,7666.98,7674.12,425179789
2026-09-08T16:00:00-04:00,7673.95,7674.09,7673.47,7673.51,598608410
2026-09-09T09:30:00-04:00,7660.67,7660.67,7646.9,7656.21,311855416
2026-09-09T10:00:00-04:00,7654.62,7656.46,7640.0,7654.34,191968181
2026-09-09T10:30:00-04:00,7654.43,7654.65,7646.97,7651.93,160761127
2026-09-09T11:00:00-04:00,7652.09,7658.2,7624.15,7629.59,169128017
2026-09-09T11:30:00-04:00,7629.67,7644.73,7629.59,7636.61,127396067
2026-09-09T12:00:00-04:00,7636.39,7638.47,7627.93,7630.63,120647900
2026-09-09T12:30:00-04:00,7630.69,7643.1,7630.54,7640.52,102079323
2026-09-09T13:00:00-04:00,7640.55,7647.01,7638.25,7643.75,111412601
2026-09-09T13:30:00-04:00,7643.88,7648.22,7639.04,7644.52,111246037
2026-09-09T14:00:00-04:00,7644.66,7646.17,7637.28,7643.14,111243142
2026-09-09T14:30:00-04:00,7643.19,7648.71,7640.87,7643.78,117791449
2026-09-09T15:00:00-04:00,7643.67,7648.53,7641.01,7645.71,145014191
2026-09-09T15:30:00-04:00,7645.55,7646.28,7634.97,7637.69,417986912
2026-09-09T16:00:00-04:00,7637.17,7637.17,7636.35,7636.35,533245409
2026-09-10T09:30:00-04:00,7594.73,7603.35,7580.17,7580.9,351225856
2026-09-10T10:00:00-04:00,7580.07,7612.75,7580.07,7600.01,200724014
2026-09-10T10:30:00-04:00,7600.19,7608.75,7598.03,7607.35,160490942
2026-09-10T11:00:00-04:00,7607.47,7609.1,7598.86,7605.91,139323829
2026-09-10T11:30:00-04:00,7605.85,7612.87,7595.86,7598.5,127224174
2026-09-10T12:00:00-04:00,7598.52,7603.37,7591.44,7593.72,118985716
2026-09-10T12:30:00-04:00,7593.98,7606.5,7586.71,7605.39,118630742
2026-09-10T13:00:00-04:00,7605.31,7610.82,7598.36,7599.4,108763304
2026-09-10T13:30:00-04:00,7599.17,7600.8,7594.04,7596.14,100307831
2026-09-10T14:00:00-04:00,7596.05,7598.76,7588.06,7590.26,102562138
2026-09-10T14:30:00-04:00,7590.18,7596.49,7585.98,7591.08,114453782
2026-09-10T15:00:00-04:00,7590.86,7592.76,7586.36,7589.3,142996493
2026-09-10T15:30:00-04:00,7589.23,7595.74,7587.43,7592.29,413325124
2026-09-10T16:00:00-04:00,7592.21,7592.21,7591.69,7591.69,532423297
2026-09-11T09:30:00-04:00,7636.74,7676.79,7636.74,7676.26,330418656
2026-09-11T10:00:00-04:00,7677.03,7677.03,7660.68,7671.26,206697278
2026-09-11T10:30:00-04:00,7671.15,7671.47,7650.18,7654.12,159355280
2026-09-11T11:00:00-04:00,7654.01,7675.95,7652.61,7673.88,134444721
2026-09-11T11:30:00-04:00,7673.87,7675.71,7667.67,7670.35,112150670
2026-09-11T12:00:00-04:00,7670.34,7675.34,7662.75,7662.76,110628213
2026-09-11T12:30:00-04:00,7662.96,7670.61,7661.69,7669.51,107036404
2026-09-11T13:00:00-04:00,7669.49,7676.24,7668.85,7673.41,91830184
2026-09-11T13:30:00-04:00,7673.44,7675.47,7670.12,7670.8,98639593
2026-09-11T14:00:00-04:00,7670.85,7673.13,7665.73,7667.63,98217587
2026-09-11T14:30:00-04:00,7667.64,7669.15,7663.3,7663.93,100802107
2026-09-11T15:00:00-04:00,7663.98,7666.17,7659.57,7663.86,126601249
2026-09-11T15:30:00-04:00,7663.9,7664.53,7654.89,7655.49,399674795
2026-09-11T16:00:00-04:00,7656.14,7656.99,7656.14,7656.97,573050055
2026-09-14T09:30:00-04:00,7611.43,7619.04,7596.32,7612.75,392692783
2026-09-14T10:00:00-04:00,7612.93,7624.06,7595.56,7601.04,187736965
2026-09-14T10:30:00-04:00,7601.08,7603.85,7592.29,7598.63,160554881
2026-09-14T11:00:00-04:00,7599.04,7611.42,7594.75,7608.66,163718460
2026-09-14T11:30:00-04:00,7608.74,7634.33,7607.17,7630.39,144907982
2026-09-14T12:00:00-04:00,7630.39,7638.7,7625.34,7633.54,122491490
2026-09-14T12:30:00-04:00,7633.38,7648.0,7631.71,7641.78,113418732
2026-09-14T13:00:00-04:00,7642.15,7643.25,7632.3,7639.78,113706240
2026-09-14T13:30:00-04:00,7639.82,7641.67,7636.49,7636.49,131186126
2026-09-14T14:00:00-04:00,7636.58,7640.16,7632.15,7633.14,122401935
2026-09-14T14:30:00-04:00,7633.09,7637.99,7632.29,7633.92,117340746
2026-09-14T15:00:00-04:00,7633.92,7634.46,7628.97,7630.15,147040640
2026-09-14T15:30:00-04:00,7629.86,7631.92,7619.01,7620.36,424314390
2026-09-14T16:00:00-04:00,7619.78,7620.11,7619.78,7619.97,534650497
2026-09-15T09:30:00-04:00,7612.29,7617.27,7600.36,7607.56,287748473
2026-09-15T10:00:00-04:00,7607.92,7607.92,7583.07,7586.36,183770235
2026-09-15T10:30:00-04:00,7586.38,7587.45,7572.68,7575.57,160254505
2026-09-15T11:00:00-04:00,7575.63,7586.36,7575.63,7585.24,154079795
2026-09-15T11:30:00-04:00,7585.45,7588.56,7580.93,7582.58,131073669
2026-09-15T12:00:00-04:00,7582.52,7589.74,7577.97,7587.06,124442703
2026-09-15T12:30:00-04:00,7587.15,7591.56,7584.57,7588.42,129489618
2026-09-15T13:00:00-04:00,7588.58,7589.52,7577.74,7579.65,123991225
2026-09-15T13:30:00-04:00,7579.63,7585.42,7579.63,7584.1,116415459
2026-09-15T14:00:00-04:00,7584.17,7590.52,7583.33,7588.02,122059232
2026-09-15T14:30:00-04:00,7588.22,7588.22,7578.82,7586.28,132871961
2026-09-15T15:00:00-04:00,7586.28,7587.52,7580.6,7581.22,145612016
2026-09-15T15:30:00-04:00,7581.19,7585.81,7576.79,7585.5,404077063
2026-09-15T16:00:00-04:00,7586.15,7586.15,7585.67,7585.72,564739217
2026-09-16T09:30:00-04:00,7601.24,7614.96,7597.6,7614.03,303322486
2026-09-16T10:00:00-04:00,7613.81,7614.75,7598.8,7600.64,169343425
2026-09-16T10:30:00-04:00,7600.68,7613.11,7599.43,7612.92,132752511
2026-09-16T11:00:00-04:00,7613.22,7620.89,7612.54,7615.03,136028268
2026-09-16T11:30:00-04:00,7615.19,7626.78,7611.4,7618.27,116525175
2026-09-16T12:00:00-04:00,7619.07,7619.07,7610.37,7612.73,91134491
2026-09-16T12:30:00-04:00,7612.7,7613.21,7608.08,7609.3,84971724
2026-09-16T13:00:00-04:00,7609.29,7610.51,7604.12,7610.37,90303761
2026-09-16T13:30:00-04:00,7610.41,7613.59,7603.94,7613.31,98271501
2026-09-16T14:00:00-04:00,7613.92,7622.78,7598.78,7608.66,158518543
2026-09-16T14:30:00-04:00,7608.2,7612.0,7549.85,7550.32,196858449
2026-09-16T15:00:00-04:00,7550.36,7563.78,7507.78,7523.72,233650087
2026-09-16T15:30:00-04:00,7523.19,7554.7,7522.29,7553.32,453352333
2026-09-16T16:00:00-04:00,7552.8,7552.91,7551.8,7551.8,632541379
2026-09-17T09:30:00-04:00,7631.43,7646.61,7619.15,7623.31,361322440
2026-09-17T10:00:00-04:00,7623.49,7633.53,7611.82,7627.84,217855656
2026-09-17T10:30:00-04:00,7627.71,7633.07,7616.06,7619.17,170360043
2026-09-17T11:00:00-04:00,7619.42,7628.39,7614.7,7627.26,152581372
2026-09-17T11:30:00-04:00,7627.19,7636.41,7626.78,7636.22,122089541
2026-09-17T12:00:00-04:00,7637.09,7637.67,7632.27,7636.91,113747977
2026-09-17T12:30:00-04:00,7636.94,7638.18,7628.42,7635.59,113221908
2026-09-17T13:00:00-04:00,7635.61,7639.45,7629.74,7631.45,99070406
2026-09-17T13:30:00-04:00,7631.59,7637.98,7630.28,7637.98,102112963
2026-09-17T14:00:00-04:00,7637.83,7640.6,7635.63,7638.44,105023392
2026-09-17T14:30:00-04:00,7638.53,7639.46,7632.7,7635.96,107644028
2026-09-17T15:00:00-04:00,7636.1,7641.76,7636.05,7637.41,139541949
2026-09-17T15:30:00-04:00,7637.58,7646.85,7636.13,7637.04,410752731
2026-09-17T16:00:00-04:00,7637.91,7637.91,7637.7,7637.75,661124471
2026-09-18T09:30:00-04:00,7657.16,7657.16,7626.75,7628.04,629110524
2026-09-18T10:00:00-04:00,7627.39,7630.64,7618.45,7623.97,193480594
2026-09-18T10:30:00-04:00,7623.87,7629.71,7619.28,7629.32,155573835
2026-09-18T11:00:00-04:00,7629.56,7631.02,7625.03,7630.22,137317120
2026-09-18T11:30:00-04:00,7630.21,7631.26,7619.23,7620.69,122319811
2026-09-18T12:00:00-04:00,7620.53,7622.85,7610.53,7618.12,109801511
2026-09-18T12:30:00-04:00,7618.1,7625.74,7616.53,7624.06,107411680
2026-09-18T13:00:00-04:00,7624.09,7626.19,7621.34,7624.64,90083958
2026-09-18T13:30:00-04:00,7624.65,7628.98,7622.81,7628.38,94352568
2026-09-18T14:00:00-04:00,7628.39,7635.9,7627.06,7634.58,105535263
2026-09-18T14:30:00-04:00,7634.79,7648.04,7632.8,7642.07,119228108
2026-09-18T15:00:00-04:00,7642.31,7644.32,7638.58,7638.67,156295926
2026-09-18T15:30:00-04:00,7638.68,7651.39,7636.75,7646.03,570787300
2026-09-18T16:00:00-04:00,7647.44,7650.52,7647.44,7650.49,3162534658
2026-09-21T09:30:00-04:00,7692.82,7708.3,7691.18,7708.3,406315516
2026-09-21T10:00:00-04:00,7708.01,7723.19,7701.32,7720.72,247552342
2026-09-21T10:30:00-04:00,7720.82,7725.62,7718.0,7722.76,189936898
2026-09-21T11:00:00-04:00,7722.88,7732.06,7721.86,7728.81,171433077
2026-09-21T11:30:00-04:00,7728.85,7743.06,7727.97,7737.62,149964865
2026-09-21T12:00:00-04:00,7737.62,7750.58,7735.79,7748.9,140948406
2026-09-21T12:30:00-04:00,7748.87,7756.55,7748.72,7753.42,118924862
2026-09-21T13:00:00-04:00,7753.48,7760.09,7752.67,7758.11,130200985
2026-09-21T13:30:00-04:00,7758.26,7761.87,7753.15,7759.76,125558497
2026-09-21T14:00:00-04:00,7759.77,7769.65,7759.77,7768.76,147419273
2026-09-21T14:30:00-04:00,7768.76,7775.83,7766.19,7772.98,134927985
2026-09-21T15:00:00-04:00,7772.91,7775.13,7770.11,7771.26,159238631
2026-09-21T15:30:00-04:00,7771.24,7779.23,7764.21,7764.21,427587303
2026-09-21T16:00:00-04:00,7765.11,7765.11,7764.69,7764.69,711119248
2026-09-22T09:30:00-04:00,7770.8,7782.2,7766.84,7768.57,356338340
2026-09-22T10:00:00-04:00,7770.36,7777.39,7766.05,7766.44,220496831
2026-09-22T10:30:00-04:00,7766.38,7772.82,7760.23,7764.86,186697023
2026-09-22T11:00:00-04:00,7764.93,7767.77,7762.29,7763.8,169628068
2026-09-22T11:30:00-04:00,7763.59,7763.59,7756.27,7760.94,140251309
2026-09-22T12:00:00-04:00,7761.29,7764.56,7757.59,7759.62,129412123
2026-09-22T12:30:00-04:00,7759.57,7767.15,7758.39,7766.16,116537983
2026-09-22T13:00:00-04:00,7766.07,7766.77,7761.22,7765.38,116086039
2026-09-22T13:30:00-04:00,7765.42,7771.95,7761.14,7771.25,130018338
2026-09-22T14:00:00-04:00,7771.37,7773.85,7767.07,7771.6,132344502
2026-09-22T14:30:00-04:00,7771.59,7772.49,7766.84,7767.43,159672205
2026-09-22T15:00:00-04:00,7767.46,7774.87,7767.4,7773.92,174972815
2026-09-22T15:30:00-04:00,7773.99,7779.22,7763.84,7764.26,427491345
2026-09-22T16:00:00-04:00,7765.19,7765.35,7764.63,7764.63,677852912
2026-09-23T09:30:00-04:00,7761.93,7761.93,7735.27,7737.46,344682973
2026-09-23T10:00:00-04:00,7737.77,7740.99,7713.29,7718.13,233168830
2026-09-23T10:30:00-04:00,7717.8,7735.06,7717.5,7732.53,193077519
2026-09-23T11:00:00-04:00,7732.59,7732.82,7719.74,7720.04,149787487
2026-09-23T11:30:00-04:00,7720.27,7723.12,7712.94,7716.18,141689289
2026-09-23T12:00:00-04:00,7716.32,7717.14,7711.48,7713.83,118280742
2026-09-23T12:30:00-04:00,7713.92,7716.79,7700.05,7703.64,122897592
2026-09-23T13:00:00-04:00,7703.47,7708.69,7694.9,7702.86,121199400
2026-09-23T13:30:00-04:00,7702.97,7719.92,7701.14,7719.51,115139439
2026-09-23T14:00:00-04:00,7719.53,7719.61,7710.83,7712.78,117822102
2026-09-23T14:30:00-04:00,7712.73,7712.89,7706.08,7711.32,117656845
2026-09-23T15:00:00-04:00,7711.4,7712.84,7704.15,7705.95,150988661
2026-09-23T15:30:00-04:00,7706.03,7711.0,7695.53,7708.54,456668111
2026-09-23T16:00:00-04:00,7707.5,7707.5,7706.02,7706.02,571027031
2026-09-24T09:30:00-04:00,7666.98,7684.73,7665.48,7683.66,333588012
2026-09-24T10:00:00-04:00,7683.51,7694.6,7682.2,7690.01,196572281
2026-09-24T10:30:00-04:00,7690.3,7691.22,7672.14,7674.61,165719530
2026-09-24T11:00:00-04:00,7674.69,7677.3,7662.58,7666.25,154978819
2026-09-24T11:30:00-04:00,7666.25,7673.99,7664.17,7673.05,131513314
2026-09-24T12:00:00-04:00,7673.04,7712.78,7666.36,7700.99,185910075
2026-09-24T12:30:00-04:00,7701.13,7719.0,7694.23,7713.87,139159633
2026-09-24T13:00:00-04:00,7713.52,7716.02,7696.6,7702.52,130811847
2026-09-24T13:30:00-04:00,7702.57,7706.0,7691.05,7699.54,108295137
2026-09-24T14:00:00-04:00,7699.57,7709.75,7686.76,7706.49,127940104
2026-09-24T14:30:00-04:00,7706.48,7712.98,7699.51,7709.64,135498917
2026-09-24T15:00:00-04:00,7709.71,7710.0,7701.1,7706.03,156795970
2026-09-24T15:30:00-04:00,7706.13,7711.87,7703.23,7703.82,433816592
2026-09-24T16:00:00-04:00,7703.01,7704.37,7703.01,7704.12,500309937
2026-09-25T09:30:00-04:00,7709.85,7733.59,7708.11,7727.46,306367887
2026-09-25T10:00:00-04:00,7727.92,7728.14,7693.07,7704.14,195633725
2026-09-25T10:30:00-04:00,7704.25,7718.23,7702.67,7717.72,146144778
2026-09-25T11:00:00-04:00,7717.81,7727.51,7713.97,7717.92,134350944
2026-09-25T11:30:00-04:00,7717.72,7728.96,7705.39,7728.39,136438487
2026-09-25T12:00:00-04:00,7728.7,7749.31,7728.28,7744.9,151798115
2026-09-25T12:30:00-04:00,7745.11,7747.34,7731.88,7734.98,132511512
2026-09-25T13:00:00-04:00,7734.94,7742.98,7733.65,7742.85,99087524
2026-09-25T13:30:00-04:00,7742.81,7743.41,7735.57,7741.76,102975616
2026-09-25T14:00:00-04:00,7741.78,7745.01,7735.01,7738.62,101463818
2026-09-25T14:30:00-04:00,7738.7,7743.27,7735.33,7736.35,112212960
2026-09-25T15:00:00-04:00,7736.4,7741.12,7731.85,7732.78,138947816
2026-09-25T15:30:00-04:00,7732.91,7752.08,7731.8,7742.31,412857206
2026-09-25T16:00:00-04:00,7743.25,7743.52,7743.23,7743.4,442035056
